,Released,Title,ProductionBudget,WorldwideBox Office,mpaa_rating
0,"Feb 11, 2011",Gnomeo and Juliet,"$36,000,000","$193,737,977",G
1,"Feb 11, 2011",Justin Bieber: Never Say Never,"$13,000,000","$99,034,125",G
2,"Jul 15, 2011",Winnie the Pooh,"$30,000,000","$50,145,607",G
3,"Jul 23, 2010",Ramona and Beezus,"$15,000,000","$27,469,621",G
4,"Feb 17, 2012",Kari gurashi no Arietti,"$23,000,000","$151,496,097",G
5,"Dec 13, 2011",George Balanchine's The Nutcracker,"$19,000,000","$2,119,994",G
6,"Oct 21, 2011",The Mighty Macs,"$7,000,000","$1,891,936",G
7,"Aug 29, 2012",The Oogieloves in the BIG Balloon Adv…,"$20,000,000","$1,065,907",G
8,"Oct 4, 2011",La vÃ©ritable histoire du Chat BottÃ©,"$25,000,000","$8,208,594",G
9,"Dec 31, 2012",Zambezia,"$20,000,000","$34,454,336",G
10,"Mar 9, 2010",Hachiko: A Dogâs Story,"$16,000,000","$47,707,417",G
11,"Dec 31, 2010",Belka i Strelka. Zvezdnye sobaki,"$25,000,000","$9,445,081",G
0,"Feb 7, 2014",The Lego Movie,"$60,000,000","$468,084,718",PG
1,"Jun 11, 2010",The Karate Kid,"$40,000,000","$351,774,938",PG
2,"Dec 25, 2014",Into the Woods,"$56,200,000","$212,721,142",PG
3,"Apr 1, 2011",Hop,"$63,000,000","$188,494,082",PG
4,"Apr 16, 2014",Heaven is for Real,"$12,000,000","$100,916,299",PG
5,"Aug 9, 2013",Disney Planes,"$50,000,000","$238,059,569",PG
6,"Nov 23, 2011",The Muppets,"$45,000,000","$160,971,922",PG
7,"Dec 19, 2014",Annie,"$65,000,000","$139,829,625",PG
8,"Dec 25, 2012",Parental Guidance,"$25,000,000","$120,832,383",PG
9,"Dec 23, 2011",We Bought a Zoo,"$50,000,000","$118,729,073",PG
10,"Sep 23, 2011",Dolphin Tale,"$37,000,000","$96,068,724",PG
11,"Jun 17, 2011",Mr. Poppers's Penguins,"$55,000,000","$189,624,452",PG
12,"Oct 10, 2014","Alexander and the Terrible, Horrible,…","$28,000,000","$101,379,287",PG
13,"Jan 17, 2014",The Nut Job,"$30,000,000","$122,529,966",PG
14,"Mar 19, 2010",Diary of a Wimpy Kid,"$15,000,000","$76,954,311",PG
15,"Mar 31, 2010",The Last Song,"$20,000,000","$92,678,948",PG
16,"Jan 22, 2010",Tooth Fairy,"$48,000,000","$112,610,386",PG
17,"Oct 8, 2010",Secretariat,"$35,000,000","$60,376,247",PG
18,"Jul 18, 2014",Planes: Fire and Rescue,"$50,000,000","$156,399,644",PG
19,"Feb 15, 2013",Escape From Planet Earth,"$40,000,000","$74,156,610",PG
20,"Aug 17, 2012",ParaNorman,"$60,000,000","$108,119,662",PG
21,"Nov 1, 2013",Free Birds,"$55,000,000","$110,387,072",PG
22,"Aug 8, 2014",The Hundred-Foot Journey,"$22,000,000","$94,270,488",PG
23,"May 14, 2010",Letters to Juliet,"$30,000,000","$82,148,538",PG
24,"Mar 25, 2011",Diary of a Wimpy Kid: Rodrick Rules,"$18,000,000","$73,695,194",PG
25,"Aug 15, 2012",The Odd Life of Timothy Green,"$40,000,000","$55,249,159",PG
26,"Mar 21, 2014",Muppets Most Wanted,"$55,000,000","$79,312,301",PG
27,"Sep 26, 2014",The Boxtrolls,"$60,000,000","$111,898,741",PG
28,"Oct 17, 2014",The Book of Life,"$50,000,000","$97,651,543",PG
29,"Aug 3, 2012",Diary of a Wimpy Kid: Dog Days,"$22,000,000","$77,229,695",PG
30,"Oct 12, 2012",Here Comes the Boom,"$42,000,000","$73,239,258",PG
31,"Apr 13, 2012",The Three Stooges,"$30,000,000","$54,052,249",PG
32,"Apr 8, 2011",Soul Surfer,"$18,000,000","$47,158,652",PG
33,"Sep 12, 2014",Dolphin Tale 2,"$36,000,000","$57,824,533",PG
34,"Jul 2, 2014",Earth to Echo,"$13,000,000","$42,174,545",PG
35,"Aug 19, 2011",Spy Kids: All the Time in the World,"$27,000,000","$80,681,183",PG
36,"May 16, 2014",Million Dollar Arm,"$25,000,000","$39,217,912",PG
37,"Oct 5, 2012",Frankenweenie,"$39,000,000","$81,150,788",PG
38,"Jun 4, 2010",Marmaduke,"$50,000,000","$89,895,930",PG
39,"Jul 13, 2012",2016: Obamaâs America,"$2,500,000","$33,349,941",PG
40,"Apr 27, 2012",The Pirates! Band of Misfits,"$55,000,000","$136,143,605",PG
41,"Aug 22, 2014",When the Game Stands Tall,"$15,000,000","$30,138,912",PG
42,"Aug 20, 2010",Nanny McPhee and the Big Bang,"$35,000,000","$97,799,865",PG
43,"Aug 30, 2013",One Direction: This is Us,"$10,000,000","$68,526,687",PG
44,"Jan 8, 2010",Leap Year,"$19,000,000","$32,618,920",PG
45,"Sep 24, 2010",You Again,"$20,000,000","$32,838,945",PG
46,"Jul 5, 2012",Katy Perry: Part of Me,"$12,000,000","$32,700,439",PG
47,"Sep 17, 2010",Alpha and Omega 3D,"$20,000,000","$48,958,353",PG
48,"Jan 15, 2010",The Spy Next Door,"$28,000,000","$46,752,858",PG
49,"Jul 1, 2011",Monte Carlo,"$20,000,000","$39,686,769",PG
50,"May 14, 2010",Just Wright,"$12,000,000","$21,867,665",PG
51,"Feb 3, 2012",Big Miracle,"$40,000,000","$25,268,680",PG
52,"Apr 30, 2010",Furry Vengeance,"$35,000,000","$39,340,177",PG
53,"Dec 21, 2012",Cirque du Soleil: Worlds Away,"$25,000,000","$28,012,862",PG
54,"Jan 22, 2010",Extraordinary Measures,"$31,000,000","$15,826,984",PG
55,"Aug 12, 2011",Glee: The 3D Concert Movie,"$9,000,000","$17,462,398",PG
56,"May 9, 2014",Momsâ Night Out,"$5,000,000","$10,537,341",PG
57,"Apr 29, 2011",Hoodwinked Too: Hood vs. Evil,"$30,000,000","$23,353,111",PG
58,"Apr 29, 2011",Prom,"$8,000,000","$10,763,183",PG
59,"Oct 21, 2011",Johnny English Reborn,"$45,000,000","$164,640,401",PG
60,"Jul 22, 2011",Elle s'appelait Sarah,"$14,500,000","$25,480,031",PG
61,"Oct 14, 2011",The Big Year,"$41,000,000","$7,684,524",PG
62,"Nov 27, 2013",Black Nativity,"$17,500,000","$7,454,184",PG
63,"Oct 10, 2014",Meet the Mormons,"$2,000,000","$6,049,171",PG
64,"Oct 26, 2012",Chasing Mavericks,"$20,000,000","$8,300,821",PG
65,"Sep 28, 2012",Won't Back Down,"$19,000,000","$5,745,503",PG
66,"Aug 20, 2010",Mao's Last Dancer,"$18,000,000","$25,941,437",PG
67,"Apr 9, 2010",Letters to God,"$3,000,000","$3,237,452",PG
68,"May 13, 2011",Everything Must Go,"$5,000,000","$2,821,010",PG
69,"Oct 18, 2013",I'm in Love with a Church Girl,"$3,000,000","$2,503,392",PG
70,"Dec 25, 2010",L'illusionniste,"$17,000,000","$8,609,949",PG
71,"Aug 6, 2010",Flipped,"$14,000,000","$4,312,131",PG
72,"Nov 15, 2013",The Christmas Candle,"$7,000,000","$1,933,829",PG
73,"Apr 16, 2010",The Perfect Game,"$12,500,000","$3,931,367",PG
74,"Apr 8, 2011",Meek's Cutoff,"$2,000,000","$1,869,928",PG
75,"May 14, 2010",Princess Kaiulani,"$9,000,000","$883,887",PG
76,"Mar 1, 2013",The Lost Medallion: The Adventures of…,"$2,500,000","$549,632",PG
77,"Jul 16, 2010",Standing Ovation,"$5,600,000","$531,806",PG
78,"Mar 25, 2011",The 5th Quarter,"$6,000,000","$408,159",PG
79,"Jun 25, 2010",Les herbes folles,"$14,000,000","$1,903,952",PG
80,"Dec 31, 2010",Arthur and the War of Two Worlds,"$45,500,000","$36,180,824",PG
81,"Jun 10, 2011",Trolljegeren,"$3,500,000","$5,706,638",PG
82,"Sep 10, 2010","Lovely, Still","$5,000,000","$282,687",PG
83,"Sep 19, 2014",Pump,"$2,000,000","$72,277",PG
84,"Mar 18, 2011",Alabama Moon,"$10,000,000","$47,305",PG
85,"Aug 16, 2013",Underdogs,"$2,500,000","$1,392,649",PG
86,"Dec 31, 2010",Konferenz der Tiere,"$30,000,000","$53,048,539",PG
87,"Jan 28, 2014",Snezhnaya koroleva,"$7,000,000","$15,193,977",PG
88,"Dec 31, 2013",Metegol,"$22,000,000","$34,061,097",PG
89,"Aug 18, 2014",Henry & Me,"$5,000,000",$0,PG
90,"Apr 16, 2013",Un monstre Ã  Paris ,"$40,000,000","$27,000,381",PG
91,"Mar 15, 2011",A Shine of Rainbows,"$6,000,000",$0,PG
92,"Dec 31, 2010",Sammy's avonturen: De geheime doorgang,"$25,000,000","$71,594,792",PG
93,"Jul 11, 2014",The Perfect Wave,"$4,000,000",$0,PG
94,"Dec 31, 2011",Red Dog,"$9,100,000","$20,927,794",PG
95,"Dec 31, 2012",Foodfight!,"$45,000,000","$73,706",PG
96,"Jan 10, 2014",The Adventurer: The Curse of the Mida…,"$25,000,000",$0,PG
97,"Dec 31, 2011",Tu Xia Chuan Qi,"$12,000,000","$1,828,400",PG
98,"Aug 29, 2014",Dwegons and Leprechauns,"$20,000,000",$0,PG
0,"Dec 25, 2016",Hidden Figures,"$25,000,000","$231,771,716",PG
1,"Jul 13, 2018",Hotel Transylvania 3: Summer Vacation,"$65,000,000","$527,103,195",PG
2,"Nov 17, 2017",Wonder,"$20,000,000","$312,755,215",PG
3,"Feb 9, 2018",Peter Rabbit,"$50,000,000","$347,015,047",PG
4,"Dec 25, 2019",Little Women,"$42,000,000","$218,786,590",PG
5,"Oct 11, 2019",The Addams Family,"$24,000,000","$200,612,027",PG
6,"Jul 28, 2017",The Emoji Movie,"$50,000,000","$216,564,840",PG
7,"Mar 16, 2018",I Can Only Imagine,"$7,000,000","$85,783,567",PG
8,"Oct 16, 2015",Goosebumps,"$58,000,000","$158,893,300",PG
9,"Aug 12, 2016",Peteâs Dragon,"$65,000,000","$137,768,975",PG
10,"Jan 16, 2015",Paddington,"$55,000,000","$252,780,166",PG
11,"Jun 2, 2017",Captain Underpants: The First Epic Movie,"$38,000,000","$126,422,949",PG
12,"Apr 17, 2015",Paul Blart: Mall Cop 2,"$38,000,000","$107,650,646",PG
13,"Sep 21, 2018",The House with a Clock in its Walls,"$40,000,000","$131,457,147",PG
14,"Aug 28, 2015",War Room,"$3,000,000","$73,986,904",PG
15,"Jan 27, 2017",A Dogâs Purpose,"$25,000,000","$203,055,427",PG
16,"Mar 16, 2016",Miracles from Heaven,"$13,000,000","$73,798,736",PG
17,"Nov 22, 2019",A Beautiful Day in the Neighborhood,"$45,000,000","$68,406,338",PG
18,"Aug 9, 2019",Dora and the Lost City of Gold,"$49,000,000","$117,419,117",PG
19,"Aug 19, 2016",Kubo and the Two Strings,"$55,000,000","$77,548,122",PG
20,"Oct 12, 2018",Goosebumps 2: Haunted Halloween,"$35,000,000","$93,291,478",PG
21,"Apr 7, 2017",Smurfs: The Lost Village,"$60,000,000","$197,578,586",PG
22,"Feb 20, 2015","McFarland, USA","$17,000,000","$45,707,924",PG
23,"Mar 23, 2018",Sherlock Gnomes,"$59,000,000","$87,527,651",PG
24,"Jun 26, 2015",Max,"$20,000,000","$43,658,157",PG
25,"Jan 11, 2019",A Dogâs Way Home,"$61,000,000","$81,152,505",PG
26,"Aug 13, 2019",The Angry Birds Movie 2,"$65,000,000","$152,012,772",PG
27,"Nov 17, 2017",The Star,"$20,000,000","$62,758,010",PG
28,"Apr 17, 2019",Breakthrough,"$14,000,000","$49,231,674",PG
29,"Aug 23, 2019",Overcomer,"$5,000,000","$38,102,988",PG
30,"Mar 6, 2015",The Second Best Exotic Marigold Hotel,"$10,000,000","$89,898,869",PG
31,"Jan 16, 2019",Dragon Ball Super: Broly,"$8,500,000","$122,747,755",PG
32,"Jul 27, 2018",Teen Titans Go! To The Movies,"$10,000,000","$51,620,593",PG
33,"Aug 11, 2017",The Nut Job 2: Nutty by Nature,"$40,000,000","$57,438,389",PG
34,"Aug 9, 2019",The Art of Racing in the Rain,"$18,000,000","$30,997,027",PG
35,"May 17, 2019",A Dogâs Journey,"$16,000,000","$77,421,192",PG
36,"Oct 6, 2017",My Little Pony: The Movie,"$6,500,000","$61,294,644",PG
37,"Aug 25, 2017",Ballerina,"$30,000,000","$96,890,794",PG
38,"Apr 1, 2016",Godâs Not Dead 2,"$5,000,000","$23,551,286",PG
39,"May 19, 2017",Diary of a Wimpy Kid: The Long Haul,"$22,000,000","$35,609,577",PG
40,"May 3, 2019",UglyDolls,"$45,000,000","$28,363,146",PG
41,"Oct 7, 2016",Middle School: The Worst Years of My …,"$8,500,000","$23,311,293",PG
42,"Aug 5, 2015",Shaun the Sheep,"$25,000,000","$101,850,986",PG
43,"Jul 12, 2019",The Farewell,"$3,000,000","$22,500,687",PG
44,"Jan 15, 2016",Norm of the North,"$18,000,000","$30,535,660",PG
45,"Jan 25, 2019",The Kid Who Would Be King,"$59,000,000","$28,296,983",PG
46,"Jan 19, 2018",Forever My Girl,"$3,500,000","$16,376,066",PG
47,"Apr 7, 2017",The Case for Christ,"$3,000,000","$17,966,760",PG
48,"Oct 16, 2015",Woodlawn,"$13,000,000","$14,403,891",PG
49,"Sep 30, 2015",The Walk,"$35,000,000","$61,492,104",PG
50,"Feb 24, 2017",Rock Dog,"$60,000,000","$24,148,488",PG
51,"Sep 23, 2016",Queen of Katwe,"$15,000,000","$10,055,481",PG
52,"Apr 29, 2016",Ratchet and Clank,"$20,000,000","$14,365,639",PG
53,"Feb 16, 2018",Early Man,"$50,000,000","$45,285,890",PG
54,"Sep 9, 2016",Robinson Crusoe,"$13,000,000","$42,446,455",PG
55,"Aug 8, 2018",Dog Days,"$10,000,000","$8,196,226",PG
56,"Aug 24, 2018",A.X.L.,"$10,000,000","$8,259,753",PG
57,"Aug 25, 2017",All Saints,"$2,000,000","$5,941,994",PG
58,"Nov 1, 2019",Arctic Dogs,"$50,000,000","$9,693,851",PG
59,"Dec 28, 2018",Stan & Ollie,"$10,000,000","$29,062,674",PG
60,"Oct 26, 2018",Johnny English Strikes Again,"$30,000,000","$159,378,778",PG
61,"Apr 13, 2018",Sgt. Stubby: An American Hero,"$25,000,000","$3,823,620",PG
62,"Sep 16, 2016",Hillsong: Let Hope Rise,"$10,000,000","$2,678,525",PG
63,"Jan 20, 2017",The Resurrection of Gavin Stone,"$2,000,000","$2,303,792",PG
64,"Nov 13, 2015",My All-American,"$20,000,000","$2,246,000",PG
65,"Oct 23, 2015",Jem and the Holograms,"$5,000,000","$2,368,937",PG
66,"Aug 26, 2016",Greater,"$9,000,000","$2,000,093",PG
67,"Jun 2, 2017",Churchill,"$10,000,000","$7,582,196",PG
68,"Jan 20, 2017",La Tortue Rouge,"$11,000,000","$6,712,903",PG
69,"Dec 2, 2016",Believe,"$3,500,000","$890,303",PG
70,"Mar 15, 2019",Nancy Drew and the Hidden Staircase,"$17,000,000","$624,531",PG
71,"Aug 7, 2015",Kahlil Gibran's The Prophet,"$12,000,000","$1,080,362",PG
72,"Jul 31, 2015",The Young and Prodigious T.S. Spivet,"$33,000,000","$357,687",PG
73,"Oct 30, 2015",Dancin' It's On,"$12,000,000",$0,PG
74,"Sep 29, 2017","Don Gato, el inicio de la pandilla","$8,000,000","$4,604,656",PG
75,"Jul 5, 2016",The Dog Lover,"$2,000,000",$0,PG
76,"Nov 1, 2016",A.C.O.R.N.S.: Operation Crackdown,"$8,500,000","$1,353,287",PG
77,"Sep 26, 2017","Mune, le gardien de la lune","$17,000,000","$14,534,046",PG
78,"Dec 31, 2015",Lucky Dog,"$2,000,000",$0,PG
79,"Nov 8, 2019",Klaus,"$40,000,000",$0,PG
80,"Jan 13, 2015",Capricorn One,"$5,000,000",$401,PG
81,"Sep 29, 2015",R.L. Stine's Monsterville: The Cabine…,"$4,400,000",$0,PG
0,"Dec 22, 2010",True Grit,"$35,000,000","$252,276,928",PG-13
1,"Nov 26, 2010",The Kingâs Speech,"$15,000,000","$430,821,168",PG-13
2,"Feb 12, 2010",Valentine's Day,"$52,000,000","$217,569,328",PG-13
3,"Apr 9, 2010",Date Night,"$55,000,000","$152,269,033",PG-13
4,"Oct 1, 2010",The Social Network,"$40,000,000","$224,922,135",PG-13
5,"Oct 15, 2010",Red,"$60,000,000","$196,439,693",PG-13
6,"Aug 13, 2010",Eat Pray Love,"$60,000,000","$206,598,789",PG-13
7,"Feb 5, 2010",Dear John,"$25,000,000","$142,033,509",PG-13
8,"Mar 19, 2010",The Bounty Hunter,"$45,000,000","$135,808,837",PG-13
9,"Apr 2, 2010",Why Did I Get Married Too?,"$20,000,000","$60,831,067",PG-13
10,"Sep 17, 2010",Easy A,"$8,000,000","$76,200,721",PG-13
11,"Aug 27, 2010",Takers,"$32,000,000","$70,587,268",PG-13
12,"Oct 8, 2010",Life as We Know It,"$38,000,000","$105,887,837",PG-13
13,"Aug 6, 2010",Step Up 3D,"$30,000,000","$165,889,117",PG-13
14,"Nov 24, 2010",Burlesque,"$55,000,000","$90,552,675",PG-13
15,"Apr 23, 2010",The Back-up Plan,"$35,000,000","$75,281,179",PG-13
16,"Aug 18, 2010",Vampires Suck,"$20,000,000","$81,424,988",PG-13
17,"Sep 17, 2010",Devil,"$10,000,000","$63,354,114",PG-13
18,"Oct 15, 2010",Hereafter,"$50,000,000","$108,660,270",PG-13
19,"Jul 30, 2010",Charlie St. Cloud,"$44,000,000","$48,478,084",PG-13
20,"Nov 10, 2010",Morning Glory,"$40,000,000","$59,795,070",PG-13
21,"Aug 20, 2010",The Switch,"$19,000,000","$49,858,465",PG-13
22,"Aug 20, 2010",Lottery Ticket,"$17,000,000","$24,719,879",PG-13
23,"Apr 23, 2010",The Losers,"$25,000,000","$29,863,840",PG-13
24,"Nov 12, 2010",Skyline,"$10,000,000","$68,264,973",PG-13
25,"Nov 19, 2010",The Next Three Days,"$30,000,000","$67,255,916",PG-13
26,"Mar 12, 2010",Our Family Wedding,"$14,000,000","$21,410,546",PG-13
27,"Dec 22, 2010",Country Strong,"$15,000,000","$20,601,987",PG-13
28,"Mar 12, 2010",Remember Me,"$16,000,000","$56,506,120",PG-13
29,"Feb 19, 2010",The Ghost Writer,"$45,000,000","$65,532,491",PG-13
30,"Jun 18, 2010",Jonah Hex,"$47,000,000","$11,022,696",PG-13
31,"Jul 30, 2010",Get Low,"$7,000,000","$10,828,305",PG-13
32,"Mar 19, 2010",City Island,"$6,000,000","$8,173,486",PG-13
33,"Oct 8, 2010",It's Kind of a Funny Story,"$8,000,000","$6,632,950",PG-13
34,"Oct 8, 2010",Inside Job,"$2,000,000","$7,799,257",PG-13
35,"Feb 12, 2010",My Name is Khan,"$8,470,000","$42,355,526",PG-13
36,"Dec 29, 2010",Another Year,"$8,000,000","$20,005,613",PG-13
37,"Dec 17, 2010",Rabbit Hole,"$5,000,000","$6,205,034",PG-13
38,"Jun 4, 2010",Ondine,"$12,000,000","$557,545",PG-13
39,"Apr 16, 2010",The City of Your Final Destination,"$8,300,000","$1,353,296",PG-13
40,"Feb 26, 2010",The Yellow Handkerchief,"$15,500,000","$318,623",PG-13
41,"Dec 10, 2010",The Tempest,"$20,000,000","$277,943",PG-13
42,"Sep 10, 2010",Bran Nue Dae,"$6,750,000","$6,812,530",PG-13
43,"Feb 19, 2010",Blood Done Sign My Name,"$10,000,000","$109,383",PG-13
44,"Oct 29, 2010",Wild Target,"$8,000,000","$5,314,194",PG-13
45,"Oct 1, 2010",Freakonomics,"$2,900,000","$172,867",PG-13
46,"Oct 8, 2010",It's a Wonderful Afterlife,"$10,000,000","$1,642,939",PG-13
0,"Aug 10, 2011",The Help,"$25,000,000","$213,120,004",PG-13
1,"Jun 10, 2011",Super 8,"$50,000,000","$257,972,745",PG-13
2,"Jul 29, 2011","Crazy, Stupid, Love","$50,000,000","$147,142,328",PG-13
3,"Mar 18, 2011",Limitless,"$27,000,000","$155,564,919",PG-13
4,"Sep 9, 2011",Contagion,"$60,000,000","$137,551,594",PG-13
5,"Sep 23, 2011",Moneyball,"$50,000,000","$111,300,835",PG-13
6,"Feb 18, 2011",Unknown,"$40,000,000","$136,123,083",PG-13
7,"Mar 4, 2011",The Adjustment Bureau,"$50,200,000","$126,931,325",PG-13
8,"Apr 22, 2011",Water for Elephants,"$38,000,000","$116,809,717",PG-13
9,"May 20, 2011",Midnight in Paris,"$30,000,000","$162,279,328",PG-13
10,"Feb 18, 2011",I am Number Four,"$50,000,000","$146,195,159",PG-13
11,"Apr 1, 2011",Source Code,"$32,000,000","$140,428,499",PG-13
12,"Dec 9, 2011",New Yearâs Eve,"$26,000,000","$146,850,273",PG-13
13,"Apr 22, 2011",Madeaâs Big Happy Family,"$25,000,000","$54,160,818",PG-13
14,"Oct 14, 2011",Footloose,"$24,000,000","$62,989,834",PG-13
15,"Nov 25, 2011",The Artist,"$16,000,000","$128,256,712",PG-13
16,"Apr 8, 2011",Hanna,"$30,000,000","$65,343,694",PG-13
17,"May 6, 2011",Something Borrowed,"$35,000,000","$65,084,116",PG-13
18,"Feb 18, 2011","Big Mommas: Like Father, Like Son","$32,000,000","$82,332,450",PG-13
19,"Mar 11, 2011",Red Riding Hood,"$42,000,000","$91,678,442",PG-13
20,"Oct 28, 2011",In Time,"$35,000,000","$165,103,952",PG-13
21,"Feb 4, 2011",The Roommate,"$16,000,000","$52,545,707",PG-13
22,"May 6, 2011",Jumping the Broom,"$7,000,000","$38,158,601",PG-13
23,"Aug 26, 2011",Colombiana,"$40,000,000","$72,295,262",PG-13
24,"Jul 1, 2011",Larry Crowne,"$30,000,000","$61,449,135",PG-13
25,"Sep 30, 2011",Courageous,"$2,000,000","$35,185,884",PG-13
26,"Jan 28, 2011",The Rite,"$37,000,000","$97,143,987",PG-13
27,"Apr 8, 2011",Arthur,"$40,000,000","$47,787,943",PG-13
28,"Dec 25, 2011",Extremely Loud and Incredibly Close,"$40,000,000","$55,247,881",PG-13
29,"May 13, 2011",Priest,"$60,000,000","$84,154,026",PG-13
30,"Sep 23, 2011",Abduction,"$35,000,000","$86,648,359",PG-13
31,"Mar 4, 2011",Beastly,"$17,000,000","$38,028,230",PG-13
32,"Jan 7, 2011",Season of the Witch,"$40,000,000","$91,126,600",PG-13
33,"Dec 25, 2011",The Darkest Hour,"$34,800,000","$62,831,715",PG-13
34,"Sep 30, 2011",Dream House,"$50,000,000","$41,642,166",PG-13
35,"Feb 11, 2011",The Eagle,"$25,000,000","$38,993,548",PG-13
36,"Sep 2, 2011",Shark Night 3D,"$25,000,000","$18,877,153",PG-13
37,"Sep 2, 2011",Apollo 18,"$5,000,000","$26,517,819",PG-13
38,"Aug 19, 2011",One Day,"$15,000,000","$59,168,692",PG-13
39,"Sep 9, 2011",Warrior,"$25,000,000","$24,215,385",PG-13
40,"May 27, 2011",The Tree of Life,"$35,000,000","$61,721,826",PG-13
41,"Apr 15, 2011",The Conspirator,"$25,000,000","$15,907,411",PG-13
42,"Sep 16, 2011",I Don't Know How She Does It,"$24,000,000","$24,474,463",PG-13
43,"Jul 22, 2011",Elle s'appelait Sarah,"$14,500,000","$25,480,031",PG-13
44,"Oct 28, 2011",Anonymous,"$27,500,000","$15,815,509",PG-13
45,"Feb 25, 2011",Des Hommes et Des Dieux,"$5,000,000","$46,263,525",PG-13
46,"Jun 24, 2011",A Better Life,"$10,000,000","$1,884,251",PG-13
47,"Jun 17, 2011",The Art of Getting By,"$4,000,000","$1,989,035",PG-13
48,"Sep 2, 2011",Salvando al Soldado Perez,"$4,500,000","$9,330,465",PG-13
49,"Jul 15, 2011",Snow Flower and the Secret Fan,"$6,000,000","$11,348,205",PG-13
50,"Apr 29, 2011",Dylan Dog: Dead of Night,"$20,000,000","$6,093,725",PG-13
51,"May 6, 2011",There Be Dragons,"$36,000,000","$4,020,990",PG-13
52,"May 6, 2011",The Beaver,"$21,000,000","$5,046,038",PG-13
53,"Apr 1, 2011",Super,"$2,500,000","$593,933",PG-13
54,"May 13, 2011",Go For It!,"$2,450,000","$182,358",PG-13
55,"Apr 1, 2011",The Last Godfather,"$13,400,000","$164,247",PG-13
56,"Sep 16, 2011",Restless,"$8,000,000","$2,772,511",PG-13
57,"Aug 26, 2011",Redemption Road,"$2,300,000","$29,384",PG-13
58,"Aug 19, 2011",Griff the Invisible,"$2,900,000","$25,935",PG-13
59,"Jun 21, 2011",You Got Served: Beat The World,"$10,000,000","$1,230,542",PG-13
60,"Dec 31, 2011",The Kick,"$3,500,000","$40,622",PG-13
0,"Nov 9, 2012",Lincoln,"$65,000,000","$273,346,281",PG-13
1,"Dec 25, 2012",Les MisÃ©rables,"$65,000,000","$438,420,442",PG-13
2,"Oct 5, 2012",Taken 2,"$45,000,000","$377,807,404",PG-13
3,"Feb 10, 2012",The Vow,"$30,000,000","$197,618,160",PG-13
4,"Apr 20, 2012",Think Like a Man,"$12,000,000","$113,373,764",PG-13
5,"Dec 21, 2012",Jack Reacher,"$60,000,000","$217,370,736",PG-13
6,"Jun 29, 2012",Tyler Perry's Madea's Witness Protection,"$20,000,000","$66,950,887",PG-13
7,"Sep 28, 2012",Pitch Perfect,"$17,000,000","$116,044,347",PG-13
8,"Feb 3, 2012",Chronicle,"$12,000,000","$123,681,790",PG-13
9,"Aug 8, 2012",Hope Springs,"$30,000,000","$133,085,295",PG-13
10,"Apr 20, 2012",The Lucky One,"$25,000,000","$96,633,833",PG-13
11,"Feb 17, 2012",This Means War,"$65,000,000","$156,974,557",PG-13
12,"Feb 3, 2012",The Woman in Black,"$15,000,000","$128,955,898",PG-13
13,"Feb 17, 2012",Ghost Rider: Spirit of Vengeance,"$57,000,000","$149,217,355",PG-13
14,"Jan 20, 2012",Red Tails,"$58,000,000","$50,365,498",PG-13
15,"Aug 31, 2012",The Possession,"$14,000,000","$82,925,064",PG-13
16,"May 4, 2012",The Best Exotic Marigold Hotel,"$10,000,000","$134,639,780",PG-13
17,"May 25, 2012",Moonrise Kingdom,"$16,000,000","$68,848,446",PG-13
18,"Nov 21, 2012",Red Dawn,"$65,000,000","$48,164,150",PG-13
19,"May 18, 2012",What to Expect When You're Expecting,"$37,500,000","$88,473,016",PG-13
20,"Dec 19, 2012",The Guilt Trip,"$40,000,000","$41,294,674",PG-13
21,"Sep 21, 2012",Trouble with the Curve,"$60,000,000","$47,818,913",PG-13
22,"Jul 27, 2012",Step Up Revolution,"$33,000,000","$165,552,290",PG-13
23,"Feb 24, 2012",Tyler Perry's Good Deeds,"$14,000,000","$35,579,177",PG-13
24,"Sep 21, 2012",House at the End of the Street,"$6,900,000","$44,103,982",PG-13
25,"Jan 13, 2012",Joyful Noise,"$27,500,000","$31,157,914",PG-13
26,"Jan 13, 2012",The Iron Lady,"$14,000,000","$115,592,104",PG-13
27,"Jan 27, 2012",One for the Money,"$42,000,000","$36,197,221",PG-13
28,"Oct 19, 2012",Alex Cross,"$35,000,000","$35,426,759",PG-13
29,"Aug 17, 2012",Sparkle,"$10,000,000","$24,660,323",PG-13
30,"Aug 24, 2012",Premium Rush,"$35,000,000","$31,393,201",PG-13
31,"Dec 21, 2012",The Impossible,"$40,000,000","$169,590,606",PG-13
32,"Jan 27, 2012",Man on a Ledge,"$42,000,000","$49,621,440",PG-13
33,"Mar 9, 2012",A Thousand Words,"$40,000,000","$20,790,486",PG-13
34,"Sep 21, 2012",The Perks of Being a Wallflower,"$13,000,000","$33,069,303",PG-13
35,"Apr 13, 2012",Lockout,"$20,000,000","$33,943,049",PG-13
36,"Dec 7, 2012",Playing for Keeps,"$35,000,000","$27,805,632",PG-13
37,"Jun 29, 2012",People Like Us,"$16,000,000","$12,617,472",PG-13
38,"Feb 24, 2012",Gone,"$19,000,000","$18,100,189",PG-13
39,"Sep 7, 2012",The Words,"$6,000,000","$16,369,708",PG-13
40,"Oct 26, 2012",Fun Size ,"$14,000,000","$11,166,615",PG-13
41,"Apr 27, 2012",Bernie,"$6,000,000","$10,106,975",PG-13
42,"Dec 19, 2012",Amour,"$9,700,000","$36,787,044",PG-13
43,"Aug 24, 2012",The Apparition,"$17,000,000","$10,637,281",PG-13
44,"Sep 7, 2012",The Cold Light of Day,"$20,000,000","$25,361,206",PG-13
45,"Oct 12, 2012",Atlas Shrugged: Part II,"$10,000,000","$3,336,053",PG-13
46,"Aug 17, 2012",Robot & Frank,"$2,500,000","$4,934,356",PG-13
47,"Aug 24, 2012",Samsara,"$4,000,000","$5,966,671",PG-13
48,"Apr 6, 2012",Damsels in Distress,"$3,000,000","$1,324,299",PG-13
49,"Apr 20, 2012",Darling Companion,"$12,000,000","$1,200,346",PG-13
50,"Oct 19, 2012",The First Time ,"$2,000,000","$22,836",PG-13
51,"Oct 5, 2012",Trade of Innocents,"$5,800,000","$15,091",PG-13
52,"May 4, 2012",A Little Bit of Heaven,"$12,500,000","$1,100,287",PG-13
53,"Nov 2, 2012",Vamps,"$16,000,000","$94,812",PG-13
54,"May 4, 2012",LOL,"$11,000,000","$10,431,506",PG-13
55,"Mar 30, 2012",The Legend of Hellâs Gate: An Ameri…,"$2,000,000",$0,PG-13
0,"Dec 18, 2013",Anchorman 2: The Legend Continues,"$50,000,000","$172,246,223",PG-13
1,"Aug 16, 2013",Lee Daniels' The Butler,"$30,000,000","$177,025,498",PG-13
2,"Oct 11, 2013",Captain Phillips,"$55,000,000","$220,648,184",PG-13
3,"Apr 12, 2013",42,"$31,000,000","$97,470,701",PG-13
4,"Sep 13, 2013",Insidious Chapter 2,"$5,000,000","$161,921,515",PG-13
5,"Dec 13, 2013",Saving Mr. Banks,"$35,000,000","$114,962,525",PG-13
6,"Jan 18, 2013",Mama,"$15,000,000","$148,095,566",PG-13
7,"Feb 14, 2013",Safe Haven,"$28,000,000","$94,050,951",PG-13
8,"Feb 1, 2013",Warm Bodies,"$30,000,000","$114,834,312",PG-13
9,"Jan 28, 2013",Last Vegas,"$28,000,000","$112,914,167",PG-13
10,"Dec 13, 2013",Tyler Perry's A Madea Christmas,"$25,000,000","$52,543,354",PG-13
11,"Mar 29, 2013",Tyler Perryâs Temptation,"$37,000,000","$53,143,144",PG-13
12,"Jun 7, 2013",The Internship,"$58,000,000","$93,672,764",PG-13
13,"Aug 30, 2013",No se Aceptan Devoluciones,"$5,000,000","$100,486,616",PG-13
14,"Feb 22, 2013",Snitch,"$15,000,000","$57,907,734",PG-13
15,"Nov 22, 2013",Philomena,"$12,000,000","$98,963,392",PG-13
16,"Jul 26, 2013",Blue Jasmine,"$18,000,000","$102,912,961",PG-13
17,"Apr 12, 2013",Scary Movie V,"$20,000,000","$78,613,981",PG-13
18,"Aug 21, 2013",The Mortal Instruments: City of Bones,"$60,000,000","$75,965,567",PG-13
19,"Nov 22, 2013",Delivery Man,"$22,000,000","$55,616,322",PG-13
20,"Dec 25, 2013",Grudge Match,"$40,000,000","$69,817,991",PG-13
21,"Mar 29, 2013",The Host,"$50,000,000","$64,477,051",PG-13
22,"Mar 15, 2013",The Incredible Burt Wonderstone,"$32,000,000","$27,392,609",PG-13
23,"Apr 26, 2013",Mud,"$10,000,000","$31,556,959",PG-13
24,"Sep 27, 2013",Baggage Claim,"$8,500,000","$22,885,836",PG-13
25,"Jul 5, 2013",The Way Way Back,"$5,000,000","$26,853,810",PG-13
26,"Nov 8, 2013",The Book Thief,"$19,000,000","$76,086,711",PG-13
27,"Feb 14, 2013",Beautiful Creatures,"$50,000,000","$60,282,876",PG-13
28,"Jan 11, 2013",Quartet,"$11,000,000","$56,178,935",PG-13
29,"Mar 22, 2013",Admission,"$13,000,000","$18,733,666",PG-13
30,"Sep 18, 2013",Enough Said,"$8,000,000","$25,621,449",PG-13
31,"Feb 22, 2013",Dark Skies,"$3,500,000","$27,704,111",PG-13
32,"Aug 16, 2013",Jobs,"$18,000,000","$43,402,515",PG-13
33,"Mar 1, 2013",The Last Exorcism Part II,"$4,000,000","$25,448,707",PG-13
34,"Aug 30, 2013",Getaway,"$18,000,000","$11,813,989",PG-13
35,"May 10, 2013",Peeples,"$11,000,000","$9,307,166",PG-13
36,"Sep 20, 2013",Battle of the Year,"$20,000,000","$16,723,377",PG-13
37,"Nov 29, 2013",Mandela: Long Walk to Freedom,"$35,000,000","$29,890,402",PG-13
38,"Aug 16, 2013",Paranoia,"$40,000,000","$16,340,767",PG-13
39,"Aug 23, 2013",Yi dai zong shi,"$38,600,000","$57,987,299",PG-13
40,"Oct 18, 2013",All is Lost,"$8,500,000","$10,386,814",PG-13
41,"Mar 22, 2013",The Sapphires,"$9,000,000","$20,395,040",PG-13
42,"May 31, 2013",The East,"$6,500,000","$3,027,956",PG-13
43,"Dec 20, 2013",Le passÃ©,"$8,000,000","$15,752,575",PG-13
44,"Oct 4, 2013",Parkland,"$10,000,000","$1,616,353",PG-13
45,"Mar 15, 2013",Upside Down,"$50,000,000","$26,387,039",PG-13
46,"Jan 29, 2013","Batman: The Dark Knight Returns, Part 2","$3,500,000",$0,PG-13
0,"Jan 17, 2014",Ride Along,"$25,000,000","$153,733,800",PG-13
1,"Jun 6, 2014",The Fault in Our Stars,"$12,000,000","$307,166,834",PG-13
2,"Dec 25, 2014",Unbroken,"$65,000,000","$163,527,824",PG-13
3,"Sep 19, 2014",The Maze Runner,"$34,000,000","$348,319,861",PG-13
4,"Feb 28, 2014",Non-Stop,"$50,000,000","$222,383,055",PG-13
5,"Nov 28, 2014",The Imitation Game,"$15,000,000","$227,740,463",PG-13
6,"Nov 14, 2014",Dumb and Dumber To,"$40,000,000","$156,553,592",PG-13
7,"Apr 25, 2014",The Other Woman,"$40,000,000","$195,111,193",PG-13
8,"Jun 20, 2014",Think Like a Man Too,"$24,000,000","$70,027,933",PG-13
9,"Feb 28, 2014",Son of God,"$22,000,000","$70,949,793",PG-13
10,"Sep 12, 2014",No Good Deed,"$13,200,000","$54,323,210",PG-13
11,"Oct 24, 2014",Ouija,"$5,000,000","$103,300,632",PG-13
12,"Jan 17, 2014",Jack Ryan: Shadow Recruit,"$60,000,000","$131,377,412",PG-13
13,"Aug 22, 2014",If I Stay,"$11,000,000","$78,356,170",PG-13
14,"Aug 8, 2014",Into the Storm,"$50,000,000","$150,429,371",PG-13
15,"May 23, 2014",Blended,"$45,000,000","$127,990,741",PG-13
16,"Aug 15, 2014",The Giver,"$25,000,000","$66,540,205",PG-13
17,"Oct 10, 2014",St. Vincent,"$13,000,000","$54,837,234",PG-13
18,"Nov 7, 2014",The Theory of Everything,"$15,000,000","$123,327,692",PG-13
19,"Feb 21, 2014",3 Days to Kill,"$28,000,000","$38,959,900",PG-13
20,"Aug 1, 2014",Get on Up,"$30,000,000","$33,339,868",PG-13
21,"Apr 11, 2014",Draft Day,"$25,000,000","$29,847,480",PG-13
22,"Oct 17, 2014",The Best of Me,"$26,000,000","$41,059,418",PG-13
23,"Feb 14, 2014",Endless Love,"$20,000,000","$34,718,173",PG-13
24,"Apr 25, 2014",Brick Mansions,"$28,000,000","$73,421,224",PG-13
25,"Jan 24, 2014","I, Frankenstein","$65,000,000","$74,575,290",PG-13
26,"Jul 25, 2014",And So It Goes,"$18,000,000","$17,920,013",PG-13
27,"Nov 14, 2014",Beyond the Lights,"$7,000,000","$14,618,727",PG-13
28,"Dec 25, 2014",Big Eyes,"$10,000,000","$27,317,872",PG-13
29,"Oct 3, 2014",Left Behind,"$16,000,000","$20,769,209",PG-13
30,"Jan 31, 2014",Labor Day,"$18,000,000","$14,189,810",PG-13
31,"Feb 14, 2014",Winterâs Tale,"$60,000,000","$29,575,033",PG-13
32,"Sep 10, 2014",My Old Lady,"$5,000,000","$15,220,308",PG-13
33,"May 2, 2014",Ida,"$2,600,000","$15,298,355",PG-13
34,"Mar 14, 2014",Veronica Mars,"$6,000,000","$3,485,383",PG-13
35,"Mar 21, 2014",50 to 1,"$10,000,000","$1,069,454",PG-13
36,"Sep 12, 2014",Atlas Shrugged: Who Is John Galt?,"$5,000,000","$851,690",PG-13
37,"Jun 13, 2014",The Signal,"$4,000,000","$2,665,322",PG-13
38,"Mar 7, 2014",The Face of Love,"$4,000,000","$1,158,877",PG-13
39,"Nov 7, 2014",Elsa & Fred,"$10,000,000","$197,901",PG-13
40,"Sep 5, 2014",Frontera,"$2,300,000","$59,696",PG-13
41,"Nov 7, 2014",Jessabelle,"$10,000,000","$6,998,359",PG-13
0,"May 15, 2015",Pitch Perfect 2,"$29,000,000","$287,215,196",PG-13
1,"Dec 25, 2015",Daddyâs Home,"$50,000,000","$241,504,989",PG-13
2,"Nov 25, 2015",Creed,"$37,000,000","$173,567,581",PG-13
3,"Jan 9, 2015",Taken 3,"$48,000,000","$327,656,424",PG-13
4,"Sep 18, 2015",Maze Runner: The Scorch Trials,"$61,000,000","$310,566,162",PG-13
5,"Sep 25, 2015",The Intern,"$40,000,000","$197,115,710",PG-13
6,"Oct 16, 2015",Bridge of Spies,"$40,000,000","$162,498,338",PG-13
7,"Sep 11, 2015",The Visit,"$5,000,000","$98,677,816",PG-13
8,"Sep 11, 2015",The Perfect Guy,"$18,000,000","$60,278,166",PG-13
9,"Dec 25, 2015",Joy,"$60,000,000","$101,134,059",PG-13
10,"Feb 27, 2015",Focus,"$65,000,000","$168,065,700",PG-13
11,"Jun 5, 2015",Insidious Chapter 3,"$10,000,000","$120,453,155",PG-13
12,"Jan 9, 2015",Selma,"$20,000,000","$66,776,576",PG-13
13,"May 22, 2015",Poltergeist,"$35,000,000","$95,713,069",PG-13
14,"Sep 18, 2015",Everest,"$65,000,000","$221,297,061",PG-13
15,"Dec 4, 2015",Krampus,"$15,000,000","$61,788,393",PG-13
16,"Apr 24, 2015",The Age of Adaline,"$30,000,000","$68,984,536",PG-13
17,"Nov 4, 2015",Brooklyn,"$11,000,000","$62,076,141",PG-13
18,"Apr 10, 2015",The Longest Ride,"$34,000,000","$63,802,928",PG-13
19,"May 8, 2015",Hot Pursuit,"$35,000,000","$45,671,512",PG-13
20,"Dec 25, 2015",Concussion,"$35,000,000","$50,363,790",PG-13
21,"Feb 20, 2015",The DUFF,"$8,500,000","$43,528,634",PG-13
22,"Apr 1, 2015",Woman in Gold,"$11,000,000","$58,586,407",PG-13
23,"Jul 24, 2015",Paper Towns,"$12,000,000","$85,450,484",PG-13
24,"Aug 7, 2015",Ricki and the Flash,"$18,000,000","$41,166,033",PG-13
25,"Nov 13, 2015",Love the Coopers,"$18,000,000","$44,263,413",PG-13
26,"Feb 27, 2015",The Lazarus Effect,"$5,000,000","$38,359,310",PG-13
27,"Jan 30, 2015",Project Almanac,"$12,000,000","$32,909,437",PG-13
28,"Jan 30, 2015",Black or White,"$9,000,000","$21,971,021",PG-13
29,"May 29, 2015",Aloha,"$37,000,000","$25,387,091",PG-13
30,"Nov 20, 2015",Secret in Their Eyes,"$20,000,000","$32,608,019",PG-13
31,"Jan 16, 2015",Still Alice,"$5,000,000","$41,598,366",PG-13
32,"Sep 4, 2015",The Transporter Refueled,"$22,000,000","$69,698,495",PG-13
33,"Mar 20, 2015",Do You Believe?,"$2,300,000","$14,628,921",PG-13
34,"Jul 10, 2015",Self/Less,"$26,000,000","$33,667,319",PG-13
35,"May 1, 2015",Far from the Madding Crowd,"$15,495,600","$29,729,450",PG-13
36,"Nov 13, 2015",The 33,"$25,000,000","$28,287,489",PG-13
37,"Jan 23, 2015",Mortdecai,"$60,000,000","$30,396,134",PG-13
38,"Jun 12, 2015",Me and Earl and the Dying Girl,"$8,000,000","$9,266,180",PG-13
39,"Apr 24, 2015",Little Boy,"$20,000,000","$17,769,299",PG-13
40,"Nov 25, 2015",Victor Frankenstein,"$40,000,000","$31,124,367",PG-13
41,"Sep 11, 2015",90 Minutes in Heaven,"$5,000,000","$4,816,142",PG-13
42,"Oct 23, 2015",Suffragette,"$14,000,000","$37,888,043",PG-13
43,"Sep 18, 2015",Captive,"$2,000,000","$2,791,973",PG-13
44,"Jun 5, 2015",Testament of Youth,"$10,000,000","$6,646,669",PG-13
45,"Jul 24, 2015",The Vatican Tapes,"$13,000,000","$14,929,184",PG-13
46,"Oct 2, 2015",Freeheld,"$7,000,000","$1,732,228",PG-13
47,"May 8, 2015",Maggie,"$4,500,000","$1,027,760",PG-13
48,"Apr 10, 2015",Desert Dancer,"$4,000,000","$596,335",PG-13
49,"Jan 30, 2015","Guten Tag, Ramon","$4,000,000","$4,854,356",PG-13
50,"Feb 13, 2015",The Last Five Years,"$2,000,000","$205,298",PG-13
51,"Jun 19, 2015",Manglehorn,"$4,000,000","$797,439",PG-13
52,"Sep 4, 2015",Before We Go,"$3,000,000","$483,938",PG-13
53,"Jan 23, 2015",Song One,"$6,000,000","$437,089",PG-13
54,"Mar 10, 2015",Red Sky,"$25,000,000","$91,116",PG-13
55,"Mar 13, 2015",The Lovers,"$35,000,000","$53,899",PG-13
56,"Jun 30, 2015",Robot Overlords,"$21,000,000","$991,329",PG-13
57,"Oct 13, 2015",8 Days,"$2,500,000",$0,PG-13
58,"May 29, 2015",Survivor,"$20,000,000","$1,703,281",PG-13
59,"Nov 3, 2015",The Final Girls,"$4,500,000",$0,PG-13
60,"Mar 3, 2015",To Write Love On Her Arms,"$3,400,000",$0,PG-13
61,"Mar 17, 2015",Accidental Love,"$26,000,000","$135,436",PG-13
62,"May 5, 2015",Miss Julie,"$5,500,000","$863,895",PG-13
63,"Dec 31, 2015",Aztec Warrior,"$5,000,000",$0,PG-13
0,"Dec 9, 2016",La La Land,"$20,000,000","$445,968,842",PG-13
1,"Jun 17, 2016",Central Intelligence,"$50,000,000","$217,194,805",PG-13
2,"Sep 9, 2016",Sully,"$60,000,000","$238,524,556",PG-13
3,"Nov 11, 2016",Arrival,"$47,000,000","$203,127,894",PG-13
4,"Jan 15, 2016",Ride Along 2,"$40,000,000","$124,827,316",PG-13
5,"Oct 21, 2016",Tyler Perryâs Boo! A Madea Halloween,"$20,000,000","$73,206,343",PG-13
6,"Mar 11, 2016",10 Cloverfield Lane,"$15,000,000","$108,286,422",PG-13
7,"Jul 22, 2016",Lights Out,"$5,000,000","$148,806,510",PG-13
8,"Mar 25, 2016",My Big Fat Greek Wedding 2,"$18,000,000","$92,096,558",PG-13
9,"Oct 21, 2016",Jack Reacher: Never Go Back,"$60,000,000","$159,946,489",PG-13
10,"Dec 16, 2016",Fences,"$24,000,000","$64,282,881",PG-13
11,"Jun 3, 2016",Me Before You,"$20,000,000","$208,265,198",PG-13
12,"Jun 24, 2016",The Shallows,"$13,000,000","$118,763,442",PG-13
13,"Apr 15, 2016",Barbershop: The Next Cut,"$20,000,000","$54,404,202",PG-13
14,"Nov 25, 2016",Lion,"$12,000,000","$149,159,454",PG-13
15,"Nov 11, 2016",Almost Christmas,"$17,000,000","$42,493,506",PG-13
16,"Jul 27, 2016",Nerve,"$20,000,000","$85,583,945",PG-13
17,"Feb 19, 2016",Risen,"$20,000,000","$46,244,066",PG-13
18,"Jan 22, 2016",The Boy,"$10,000,000","$68,220,952",PG-13
19,"Oct 21, 2016",Ouija: Origin of Evil,"$9,000,000","$81,831,866",PG-13
20,"Jan 22, 2016",The 5th Wave,"$38,000,000","$111,336,398",PG-13
21,"Apr 29, 2016",Motherâs Day,"$25,000,000","$52,367,022",PG-13
22,"Dec 16, 2016",Collateral Beauty,"$36,000,000","$85,309,093",PG-13
23,"Feb 5, 2016","Hail, Caesar!","$22,000,000","$64,220,196",PG-13
24,"Sep 9, 2016",When the Bough Breaks,"$10,000,000","$30,768,449",PG-13
25,"Feb 12, 2016",Zoolander 2,"$50,000,000","$55,348,693",PG-13
26,"Aug 12, 2016",Florence Foster Jenkins,"$29,000,000","$56,000,339",PG-13
27,"Jan 8, 2016",The Forest,"$10,000,000","$40,749,230",PG-13
28,"Feb 19, 2016",Race,"$5,000,000","$23,745,772",PG-13
29,"Sep 30, 2016",Masterminds,"$25,000,000","$30,850,666",PG-13
30,"Feb 26, 2016",Eddie the Eagle,"$23,000,000","$45,060,480",PG-13
31,"Oct 21, 2016",Keeping Up with the Joneses,"$40,000,000","$28,804,426",PG-13
32,"Jul 15, 2016",Hillaryâs America: The Secret Histo…,"$5,000,000","$13,099,931",PG-13
33,"Sep 2, 2016",The Light Between Oceans,"$20,000,000","$22,281,732",PG-13
34,"Jul 15, 2016",CafÃ© Society,"$30,000,000","$44,348,292",PG-13
35,"Feb 5, 2016",Pride and Prejudice and Zombies,"$28,000,000","$16,638,300",PG-13
36,"May 13, 2016",The Darkness,"$4,000,000","$10,904,495",PG-13
37,"Jan 15, 2016",The Lady in the Van,"$6,000,000","$42,320,503",PG-13
38,"Nov 4, 2016",Loving,"$9,000,000","$12,898,064",PG-13
39,"Nov 11, 2016",Shut In,"$10,000,000","$11,360,665",PG-13
40,"Mar 11, 2016",The Young Messiah,"$16,800,000","$7,313,697",PG-13
41,"Jun 24, 2016",Hunt for the Wilderpeople,"$2,500,000","$23,287,379",PG-13
42,"Dec 2, 2016",Incarnate,"$5,000,000","$9,371,036",PG-13
43,"Apr 22, 2016",The Meddler,"$3,200,000","$5,526,942",PG-13
44,"Sep 30, 2016",Denial,"$10,000,000","$9,263,940",PG-13
45,"Apr 29, 2016",The Man Who Knew Infinity,"$10,000,000","$12,382,122",PG-13
46,"Oct 14, 2016",Max Steel,"$10,000,000","$4,563,080",PG-13
47,"Mar 18, 2016",Midnight Special,"$18,000,000","$7,680,250",PG-13
48,"Nov 23, 2016",Rules Donât Apply,"$26,700,000","$3,871,448",PG-13
49,"Jan 22, 2016",Yip Man 3,"$36,000,000","$157,300,954",PG-13
50,"Jun 10, 2016",Genius,"$17,000,000","$7,265,283",PG-13
51,"Sep 16, 2016",Mr. Church,"$8,000,000","$685,780",PG-13
52,"Dec 9, 2016",The Bounce Back,"$3,000,000","$421,404",PG-13
53,"Jan 8, 2016",The Masked Saint,"$3,500,000","$182,695",PG-13
54,"Mar 8, 2016",Out of the Inferno,"$19,000,000",$0,PG-13
55,"Sep 2, 2016",Yoga Hosers,"$5,000,000","$22,958",PG-13
0,"Jan 20, 2017",Split,"$9,000,000","$278,754,594",PG-13
1,"Dec 22, 2017",Pitch Perfect 3,"$45,000,000","$185,736,412",PG-13
2,"Nov 10, 2017",Murder on the Orient Express,"$55,000,000","$351,767,147",PG-13
3,"Dec 22, 2017",The Post,"$50,000,000","$179,769,457",PG-13
4,"Mar 3, 2017",The Shack,"$20,000,000","$96,908,458",PG-13
5,"Nov 22, 2017",Darkest Hour,"$30,000,000","$150,832,086",PG-13
6,"Oct 13, 2017",Happy Death Day,"$5,000,000","$125,010,260",PG-13
7,"Aug 4, 2017",The Dark Tower,"$60,000,000","$113,461,527",PG-13
8,"Oct 20, 2017",Tyler Perryâs Boo 2! A Madea Halloween,"$20,000,000","$47,879,572",PG-13
9,"Apr 7, 2017",Going in Style,"$24,000,000","$80,812,424",PG-13
10,"Jun 16, 2017",47 Meters Down,"$5,300,000","$62,633,705",PG-13
11,"May 19, 2017","Everything, Everything","$10,000,000","$61,603,136",PG-13
12,"Apr 28, 2017",How to Be a Latin Lover,"$10,000,000","$62,556,228",PG-13
13,"Feb 3, 2017",Rings,"$25,000,000","$82,917,283",PG-13
14,"Aug 18, 2017",Logan Lucky,"$29,000,000","$49,046,121",PG-13
15,"Sep 8, 2017",Home Again,"$15,000,000","$37,336,874",PG-13
16,"Apr 7, 2017",Gifted,"$7,000,000","$36,964,656",PG-13
17,"Jan 13, 2017",The Bye Bye Man,"$7,400,000","$31,187,727",PG-13
18,"Sep 22, 2017",Victoria and Abdul,"$21,000,000","$68,271,146",PG-13
19,"Apr 28, 2017",The Circle,"$18,000,000","$40,651,864",PG-13
20,"Oct 20, 2017",Only the Brave,"$38,000,000","$24,555,177",PG-13
21,"Mar 31, 2017",The Zookeeperâs Wife,"$20,000,000","$26,308,749",PG-13
22,"Sep 29, 2017",Flatliners,"$20,000,000","$45,173,738",PG-13
23,"Jul 14, 2017",Wish Upon,"$12,000,000","$23,477,345",PG-13
24,"Jan 20, 2017",The Founder,"$15,000,000","$24,403,192",PG-13
25,"Sep 22, 2017",Battle of the Sexes,"$25,000,000","$18,445,379",PG-13
26,"Mar 3, 2017",Before I Fall,"$5,000,000","$18,945,682",PG-13
27,"Nov 17, 2017","Roman J. Israel, Esq.","$22,000,000","$12,967,012",PG-13
28,"Oct 13, 2017",Marshall,"$12,000,000","$10,116,816",PG-13
29,"Apr 14, 2017",The Lost City of Z,"$30,000,000","$17,121,823",PG-13
30,"Feb 3, 2017",The Space Between Us,"$30,000,000","$16,481,405",PG-13
31,"Oct 27, 2017",Let There Be Light,"$3,000,000","$7,241,309",PG-13
32,"Aug 25, 2017",Birth of the Dragon,"$31,000,000","$7,220,490",PG-13
33,"Sep 22, 2017",Loving Vincent,"$5,500,000","$44,077,249",PG-13
34,"Oct 20, 2017",Same Kind of Different as Me,"$6,500,000","$6,425,632",PG-13
35,"Dec 8, 2017",Just Getting Started,"$22,000,000","$6,756,412",PG-13
36,"Jan 6, 2017",A Monster Calls,"$43,000,000","$46,414,530",PG-13
37,"Mar 3, 2017",Table 19,"$5,000,000","$4,620,399",PG-13
38,"Apr 21, 2017",Phoenix Forgotten,"$2,800,000","$3,697,729",PG-13
39,"Feb 24, 2017",Collide,"$29,200,000","$5,466,698",PG-13
40,"Feb 24, 2017",Ma vie de Courgette,"$8,000,000","$10,245,743",PG-13
41,"Feb 3, 2017",Growing up Smith,"$2,000,000","$35,312",PG-13
42,"Oct 6, 2017",Overdrive,"$30,000,000","$11,247,280",PG-13
43,"Dec 1, 2017",Daisy Winters,"$4,500,000",$0,PG-13
44,"Apr 14, 2017",Queen of the Desert,"$36,000,000","$1,578,543",PG-13
45,"Aug 11, 2017",Kono sekai no katasumi ni,"$3,750,000","$19,794,935",PG-13
0,"Nov 2, 2018",Bohemian Rhapsody,"$55,000,000","$893,423,212",PG-13
1,"Apr 6, 2018",A Quiet Place,"$17,000,000","$335,205,231",PG-13
2,"Aug 15, 2018",Crazy Rich Asians,"$30,000,000","$238,099,711",PG-13
3,"Nov 21, 2018",Creed II,"$50,000,000","$213,591,522",PG-13
4,"Nov 16, 2018",Green Book,"$23,000,000","$320,029,388",PG-13
5,"Sep 28, 2018",Night School,"$29,000,000","$103,113,446",PG-13
6,"May 18, 2018",Book Club,"$10,000,000","$91,328,463",PG-13
7,"Jan 5, 2018",Insidious: The Last Key,"$10,000,000","$172,811,971",PG-13
8,"Nov 16, 2018",Instant Family,"$48,000,000","$119,736,188",PG-13
9,"Jan 26, 2018",Maze Runner: The Death Cure,"$61,000,000","$265,878,536",PG-13
10,"May 11, 2018",Life of the Party,"$30,000,000","$65,859,911",PG-13
11,"May 4, 2018",Overboard,"$12,000,000","$91,244,913",PG-13
12,"Apr 20, 2018",I Feel Pretty,"$32,000,000","$91,444,095",PG-13
13,"May 11, 2018",Breaking In,"$6,000,000","$51,485,382",PG-13
14,"Oct 12, 2018",First Man,"$60,000,000","$105,703,325",PG-13
15,"Jun 29, 2018",Uncle Drew,"$18,000,000","$46,594,261",PG-13
16,"Apr 13, 2018",Truth or Dare,"$3,500,000","$95,292,744",PG-13
17,"Mar 16, 2018","Love, Simon","$10,000,000","$65,520,633",PG-13
18,"Dec 21, 2018",Second Act,"$15,700,000","$63,288,854",PG-13
19,"Jan 12, 2018",The Commuter,"$40,000,000","$118,509,836",PG-13
20,"Feb 9, 2018",The 15:17 to Paris,"$30,000,000","$56,096,200",PG-13
21,"Aug 17, 2018",Alpha,"$51,000,000","$99,624,873",PG-13
22,"Jun 1, 2018",Adrift,"$35,000,000","$57,897,191",PG-13
23,"Dec 25, 2018",Holmes & Watson,"$42,000,000","$41,926,605",PG-13
24,"Aug 10, 2018",Slender Man,"$10,000,000","$51,945,949",PG-13
25,"Oct 5, 2018",The Hate U Give,"$23,000,000","$35,067,665",PG-13
26,"Feb 2, 2018",Winchester,"$3,500,000","$45,960,255",PG-13
27,"Dec 25, 2018",On the Basis of Sex,"$20,000,000","$38,883,444",PG-13
28,"Aug 29, 2018",Operation Finale,"$20,000,000","$17,612,099",PG-13
29,"Mar 23, 2018","Paul, Apostle of Christ","$5,000,000","$26,078,500",PG-13
30,"Aug 3, 2018",The Darkest Minds,"$34,000,000","$38,361,428",PG-13
31,"Sep 28, 2018",The Old Man and the Gun,"$15,800,000","$16,955,673",PG-13
32,"Dec 21, 2018",Welcome to Marwen,"$45,000,000","$13,086,137",PG-13
33,"Mar 23, 2018",Midnight Sun,"$2,800,000","$26,952,508",PG-13
34,"Sep 14, 2018",Unbroken: Path to Redemption,"$6,000,000","$6,216,897",PG-13
35,"Mar 9, 2018",The Hurricane Heist,"$40,000,000","$33,222,314",PG-13
36,"Feb 23, 2018",Every Day,"$4,900,000","$12,826,031",PG-13
37,"Aug 31, 2018",Kin,"$30,000,000","$10,383,524",PG-13
38,"Oct 26, 2018",Indivisible,"$2,700,000","$3,589,633",PG-13
39,"Jun 8, 2018",Hearts Beat Loud,"$2,000,000","$2,469,510",PG-13
40,"Feb 2, 2018",Bilal: A New Breed of Hero,"$30,000,000","$648,599",PG-13
41,"Dec 7, 2018",Dumplinâ,"$13,000,000","$399,198",PG-13
42,"Aug 17, 2018",Down a Dark Hall,"$4,000,000","$2,842,176",PG-13
43,"Jan 19, 2018",Step Sisters,"$10,000,000",$0,PG-13
0,"Nov 26, 2010",The Kingâs Speech,"$15,000,000","$430,821,168",R
1,"Oct 15, 2010",Jackass 3D,"$20,000,000","$171,685,793",R
2,"Dec 3, 2010",Black Swan,"$13,000,000","$331,266,710",R
3,"Dec 10, 2010",The Fighter,"$11,000,000","$129,262,388",R
4,"Oct 20, 2010",Paranormal Activity 2,"$3,000,000","$177,512,032",R
5,"Apr 16, 2010",Kick-Ass,"$28,000,000","$97,531,134",R
6,"Oct 29, 2010",Saw 3D,"$17,000,000","$133,735,284",R
7,"Apr 16, 2010",Death at a Funeral,"$21,000,000","$48,977,233",R
8,"Jan 22, 2010",Legion,"$26,000,000","$67,647,574",R
9,"Feb 26, 2010",The Crazies,"$19,000,000","$56,445,534",R
10,"Nov 5, 2010",For Colored Girls,"$21,000,000","$38,017,873",R
11,"Sep 1, 2010",The American,"$20,000,000","$67,950,723",R
12,"Nov 24, 2010",Love and Other Drugs,"$30,000,000","$102,716,321",R
13,"Mar 12, 2010",She's Out of My League,"$20,000,000","$48,680,977",R
14,"Jan 8, 2010",Daybreakers,"$20,000,000","$51,445,503",R
15,"Mar 5, 2010",Brooklyn's Finest,"$17,000,000","$39,233,233",R
16,"Sep 3, 2010",Machete,"$12,500,000","$46,370,970",R
17,"Aug 20, 2010",Piranha 3D,"$24,000,000","$83,660,160",R
18,"Nov 24, 2010",Faster,"$24,000,000","$35,792,945",R
19,"Jul 9, 2010",The Kids Are All Right,"$4,000,000","$36,275,469",R
20,"Nov 5, 2010",127 Hours,"$18,000,000","$60,217,171",R
21,"Jun 4, 2010",Splice,"$30,000,000","$28,542,494",R
22,"Jan 8, 2010",Youth in Revolt,"$18,000,000","$19,685,588",R
23,"Oct 8, 2010",My Soul to Take,"$25,000,000","$16,727,470",R
24,"Oct 1, 2010",Case 39,"$27,000,000","$28,773,827",R
25,"Oct 1, 2010",Let Me In,"$20,000,000","$28,270,399",R
26,"May 21, 2010",MacGruber,"$10,000,000","$8,629,895",R
27,"Jun 18, 2010",Cyrus,"$7,000,000","$10,062,896",R
28,"Sep 17, 2010",Incendies,"$6,800,000","$16,038,343",R
29,"Oct 15, 2010",Conviction,"$12,500,000","$11,826,980",R
30,"Jan 15, 2010",The Last Station,"$18,000,000","$15,696,146",R
31,"Jun 11, 2010",Winter's Bone,"$2,000,000","$16,131,551",R
32,"Apr 16, 2010",El secreto de sus ojos,"$3,500,000","$40,527,719",R
33,"Jun 18, 2010",Io sono lâamore,"$10,000,000","$15,121,528",R
34,"May 21, 2010",Solitary Man,"$12,500,000","$4,360,548",R
35,"Apr 30, 2010",Please Give,"$3,000,000","$4,566,662",R
36,"Mar 19, 2010",The Runaways,"$9,500,000","$5,278,632",R
37,"Sep 22, 2010",You Will Meet a Tall Dark Stranger,"$15,000,000","$38,535,748",R
38,"Mar 26, 2010",Chloe,"$13,000,000","$13,176,612",R
39,"Sep 15, 2010",Never Let Me Go,"$15,000,000","$11,173,718",R
40,"Feb 26, 2010",Un ProphÃ¨te,"$13,000,000","$19,910,624",R
41,"Dec 17, 2010",Casino Jack,"$12,500,000","$2,272,186",R
42,"Dec 3, 2010","I Love You, Phillip Morris","$13,000,000","$23,014,027",R
43,"Apr 30, 2010",Harry Brown,"$7,300,000","$12,023,606",R
44,"Oct 8, 2010",Stone,"$22,000,000","$4,065,020",R
45,"Dec 22, 2010",Somewhere,"$7,000,000","$17,023,121",R
46,"Apr 16, 2010",The Joneses,"$10,000,000","$3,541,565",R
47,"May 7, 2010",Mother and Child,"$7,000,000","$6,537,179",R
48,"Nov 19, 2010",Made in Dagenham,"$8,000,000","$15,644,196",R
49,"Aug 13, 2010",Animal Kingdom,"$4,200,000","$8,078,683",R
50,"Aug 6, 2010",Middle Men,"$20,000,000","$754,301",R
51,"Sep 24, 2010",The Virginity Hit,"$2,000,000","$636,706",R
52,"Dec 3, 2010",All Good Things,"$20,000,000","$873,617",R
53,"Jul 30, 2010",The Extra Man,"$7,000,000","$492,108",R
54,"Nov 5, 2010",Four Lions,"$3,750,000","$8,607,693",R
55,"Jul 23, 2010",Life During Wartime,"$4,500,000","$281,447",R
56,"Jun 18, 2010",The Killer Inside Me,"$13,000,000","$5,453,369",R
57,"Oct 1, 2010",Chain Letter,"$3,000,000","$1,022,453",R
58,"Sep 3, 2010",San qiang pai an jing qi,"$12,000,000","$310,946",R
59,"Oct 29, 2010",Welcome to the Rileys,"$10,000,000","$355,919",R
60,"Jun 30, 2010",Love Ranch,"$25,000,000","$146,149",R
61,"Mar 26, 2010",The Eclipse,"$3,000,000","$133,411",R
62,"Apr 2, 2010",Tau ming chong,"$4,000,000","$38,899,792",R
63,"Apr 23, 2010",Joheunnom nabbeunnom isanghannom,"$10,000,000","$42,226,657",R
64,"Aug 27, 2010",Centurion,"$15,000,000","$7,885,048",R
65,"Apr 2, 2010",The Greatest,"$6,000,000","$117,796",R
66,"Apr 9, 2010",After.Life,"$4,500,000","$2,481,925",R
67,"Jan 29, 2010",Saint John of Las Vegas,"$2,000,000","$102,645",R
68,"May 28, 2010",George A. Romero's Survival of the Dead,"$4,200,000","$101,740",R
69,"Feb 19, 2010",The Good Guy,"$10,000,000","$106,460",R
70,"Jun 18, 2010",8: The Mormon Proposition,"$2,500,000","$100,280",R
71,"Apr 2, 2010",Leaves of Grass,"$9,000,000","$85,527",R
72,"Mar 26, 2010",Ca$h,"$7,000,000","$46,488",R
73,"Feb 19, 2010",Defendor,"$3,750,000","$44,462",R
74,"Jul 9, 2010",[Rec] 2,"$5,600,000","$18,527,766",R
75,"Apr 30, 2010",The Good Heart,"$3,800,000","$340,930",R
76,"Apr 2, 2010",Don McKay,"$6,000,000","$13,722",R
77,"Jun 11, 2010",Jerusalema,"$2,000,000","$10,679",R
78,"Aug 6, 2010",The Oxford Murders,"$10,000,000","$17,704,131",R
79,"May 21, 2010",Perrierâs Bounty,"$6,600,000",$828,R
80,"Dec 31, 2010",The Reef,"$10,000,000","$15,037,867",R
81,"Feb 9, 2010",Icarus,"$6,000,000",$0,R
82,"Oct 1, 2010",Barry Munday,"$3,000,000",$0,R
83,"Dec 31, 2010",Psych 9,"$5,000,000",$0,R
84,"Apr 13, 2010",Three Kingdoms: Resurrection of the D…,"$20,000,000","$22,139,590",R
85,"Feb 10, 2010",Triangle,"$12,000,000","$1,594,955",R
86,"Feb 5, 2010",San suk si gin,"$15,000,000","$2,013,340",R
87,"May 11, 2010",Haeundae,"$16,000,000","$64,733,391",R
0,"Nov 5, 2010",Due Date,"$65,000,000","$211,739,043",R
1,"Sep 17, 2010",The Town,"$37,000,000","$152,566,881",R
2,"Apr 30, 2010",A Nightmare on Elm Street,"$35,000,000","$117,729,621",R
3,"Jun 4, 2010",Get Him to the Greek,"$40,000,000","$92,994,927",R
4,"Sep 10, 2010",Resident Evil: Afterlife,"$57,500,000","$295,874,190",R
5,"Jul 9, 2010",Predators,"$40,000,000","$127,234,389",R
6,"Mar 26, 2010",Hot Tub Time Machine,"$36,000,000","$65,967,750",R
7,"Feb 26, 2010",Cop Out,"$37,000,000","$55,909,910",R
8,"Jan 29, 2010",Edge of Darkness,"$60,000,000","$82,812,456",R
9,"Feb 5, 2010",From Paris With Love,"$52,000,000","$53,139,168",R
10,"Sep 3, 2010",Going the Distance,"$32,000,000","$43,603,990",R
11,"Mar 19, 2010",Repo Men,"$32,000,000","$18,195,238",R
12,"Dec 3, 2010",The Warrior's Way,"$42,000,000","$8,514,325",R
13,"May 28, 2010",Micmacs,"$42,000,000","$18,821,576",R
0,"May 13, 2011",Bridesmaids,"$32,500,000","$289,632,023",R
1,"Jul 8, 2011",Horrible Bosses,"$35,000,000","$212,417,601",R
2,"Oct 21, 2011",Paranormal Activity 3,"$5,000,000","$207,039,844",R
3,"Jun 24, 2011",Bad Teacher,"$19,000,000","$215,448,997",R
4,"Nov 16, 2011",The Descendants,"$20,000,000","$175,507,800",R
5,"Jan 21, 2011",No Strings Attached,"$25,000,000","$149,228,078",R
6,"Mar 18, 2011",The Lincoln Lawyer,"$40,000,000","$87,145,086",R
7,"Jul 22, 2011",Friends with Benefits,"$35,000,000","$146,595,891",R
8,"Aug 12, 2011",Final Destination 5,"$40,000,000","$155,011,165",R
9,"Oct 7, 2011",The Ides of March,"$23,000,000","$77,735,925",R
10,"Apr 15, 2011",Scream 4,"$40,000,000","$95,989,590",R
11,"Mar 18, 2011",Paul,"$40,000,000","$101,162,106",R
12,"Nov 9, 2011",J. Edgar,"$35,000,000","$84,606,030",R
13,"Aug 5, 2011",The Change-Up,"$52,000,000","$75,997,067",R
14,"Aug 12, 2011",30 Minutes or Less,"$28,000,000","$41,146,935",R
15,"Nov 4, 2011",A Very Harold & Kumar 3D Christmas,"$20,000,000","$36,265,745",R
16,"Sep 16, 2011",Drive,"$15,000,000","$81,357,930",R
17,"Sep 30, 2011",50/50,"$8,000,000","$41,334,735",R
18,"Aug 31, 2011",The Debt,"$20,000,000","$46,604,054",R
19,"Dec 9, 2011",The Sitter,"$25,000,000","$38,749,404",R
20,"Jan 28, 2011",The Mechanic,"$42,500,000","$76,347,393",R
21,"Aug 26, 2011",Our Idiot Brother,"$5,000,000","$25,861,249",R
22,"Dec 9, 2011",Tinker Tailor Soldier Spy,"$21,000,000","$81,452,811",R
23,"Aug 26, 2011",Don't Be Afraid of the Dark,"$25,000,000","$39,126,427",R
24,"Feb 4, 2011",Sanctum,"$30,000,000","$108,957,098",R
25,"Apr 8, 2011",Your Highness,"$50,000,000","$26,121,638",R
26,"Aug 19, 2011",Fright Night,"$30,000,000","$40,520,649",R
27,"Oct 14, 2011",The Thing,"$38,000,000","$27,573,078",R
28,"Dec 9, 2011",Young Adult,"$12,000,000","$22,750,356",R
29,"Nov 23, 2011",My Week with Marilyn,"$10,000,000","$34,240,572",R
30,"Sep 30, 2011",What's Your Number?,"$20,000,000","$30,163,785",R
31,"Oct 28, 2011",The Rum Diary,"$45,000,000","$21,544,732",R
32,"Feb 25, 2011",Drive Angry,"$50,000,000","$41,042,583",R
33,"Sep 16, 2011",Straw Dogs,"$25,000,000","$11,253,821",R
34,"Mar 18, 2011",Win Win,"$5,000,000","$11,869,063",R
35,"Jan 14, 2011",Barney's Version,"$30,000,000","$8,845,575",R
36,"Mar 4, 2011",Take Me Home Tonight,"$19,000,000","$7,576,604",R
37,"Feb 11, 2011",Cedar Rapids,"$10,000,000","$7,862,131",R
38,"Jun 3, 2011",Beginners,"$3,200,000","$14,314,407",R
39,"Nov 23, 2011",A Dangerous Method,"$20,000,000","$14,807,531",R
40,"Jul 29, 2011",The Guard,"$6,000,000","$21,197,454",R
41,"Oct 21, 2011",Margin Call,"$3,400,000","$20,433,227",R
42,"Jan 28, 2011",Biutiful,"$35,000,000","$24,687,524",R
43,"Jan 21, 2011",The Company Men,"$15,000,000","$4,569,967",R
44,"Feb 25, 2011",Des Hommes et Des Dieux,"$5,000,000","$46,263,525",R
45,"Oct 14, 2011",La piel que habito,"$11,000,000","$38,190,517",R
46,"Nov 11, 2011",Melancholia,"$9,400,000","$21,817,298",R
47,"Dec 21, 2011",Albert Nobbs,"$7,500,000","$8,539,003",R
48,"Dec 16, 2011",Carnage,"$25,000,000","$38,112,154",R
49,"Sep 9, 2011",Bucky Larson: Born to Be a Star,"$10,000,000","$2,529,395",R
50,"Sep 30, 2011",Take Shelter,"$4,750,000","$4,972,016",R
51,"Jul 29, 2011",The Devil's Double,"$19,100,000","$5,965,646",R
52,"Mar 11, 2011",Kill the Irishman,"$12,000,000","$1,188,194",R
53,"Sep 23, 2011",Red State,"$4,000,000","$1,983,596",R
54,"Jul 29, 2011",Attack the Block,"$13,000,000","$6,459,183",R
55,"Apr 1, 2011",Haevnen,"$5,500,000","$15,867,314",R
56,"Apr 29, 2011",JÃ»san-nin no shikaku,"$6,000,000","$18,727,440",R
57,"Apr 22, 2011",Dum Maaro Dum,"$5,200,000","$11,633,427",R
58,"Mar 18, 2011",Winter in Wartime,"$5,800,000","$9,662,214",R
59,"Sep 23, 2011",Machine Gun Preacher,"$30,000,000","$3,721,988",R
60,"Jun 24, 2011",Le nom des gens,"$4,600,000","$9,261,711",R
61,"Sep 9, 2011",Creature,"$3,000,000","$533,235",R
62,"May 13, 2011",Hesher,"$7,000,000","$382,946",R
63,"Dec 23, 2011",In The Land of Blood and Honey,"$13,000,000","$509,193",R
64,"Aug 26, 2011",Brighton Rock,"$11,000,000","$229,653",R
65,"Sep 30, 2011",Tucker & Dale vs. Evil,"$5,000,000","$5,476,793",R
66,"Oct 7, 2011",Blackthorn,"$4,500,000","$1,217,307",R
67,"Oct 7, 2011",Xinhai geming,"$30,000,000","$8,593,154",R
68,"Apr 1, 2011",Trust,"$4,000,000","$120,016",R
69,"Sep 30, 2011",Margaret,"$14,000,000","$623,292",R
70,"Jan 14, 2011",Down for Life,"$3,800,000","$41,914",R
71,"Oct 14, 2011",Fireflies in the Garden,"$8,000,000","$3,587,191",R
72,"Apr 22, 2011",Stake Land,"$4,000,000","$679,482",R
73,"Nov 4, 2011",The Son of No One,"$15,000,000","$1,148,578",R
74,"Jul 15, 2011",Salvation Boulevard,"$5,500,000","$28,468",R
75,"Aug 19, 2011",5 Days of War,"$12,000,000","$87,793",R
76,"Oct 14, 2011",Trespass,"$35,000,000","$786,532",R
77,"Nov 18, 2011",Another Happy Day,"$4,000,000","$978,527",R
78,"Sep 9, 2011",Tanner Hall,"$3,000,000","$5,073",R
79,"Dec 31, 2011",Tracker,"$6,500,000","$3,149",R
80,"Dec 31, 2011",Freaky Deaky,"$6,000,000",$0,R
81,"Oct 21, 2011",Cargo,"$4,200,000","$313,230",R
82,"Dec 31, 2011",La Cara Oculta,"$2,600,000","$7,033,931",R
83,"May 10, 2011",The Hit List,"$6,000,000",$0,R
84,"Sep 13, 2011",Never Back Down 2: The Beatdown,"$3,000,000",$0,R
85,"Nov 11, 2011",A Lonely Place to Die,"$4,000,000","$442,550",R
86,"Feb 26, 2011",Ultramarines,"$8,900,000",$0,R
87,"Dec 31, 2011",Without Men,"$4,700,000",$0,R
88,"Jul 8, 2011",Ironclad,"$25,000,000","$5,297,411",R
0,"Jun 29, 2012",Ted,"$50,000,000","$556,016,627",R
1,"Mar 16, 2012",21 Jump Street,"$42,000,000","$202,812,429",R
2,"Oct 12, 2012",Argo,"$44,500,000","$227,140,757",R
3,"Nov 16, 2012",Silver Linings Playbook,"$21,000,000","$236,412,453",R
4,"Jun 29, 2012",Magic Mike,"$7,000,000","$170,549,753",R
5,"Dec 19, 2012",Zero Dark Thirty,"$52,500,000","$134,612,435",R
6,"Nov 2, 2012",Flight,"$31,000,000","$160,558,438",R
7,"Feb 24, 2012",Act of Valor,"$12,000,000","$82,497,035",R
8,"Dec 21, 2012",This is 40,"$35,000,000","$90,221,182",R
9,"Jan 13, 2012",Contraband,"$25,000,000","$98,406,855",R
10,"Sep 28, 2012",Looper,"$30,000,000","$170,466,405",R
11,"May 16, 2012",The Dictator,"$65,000,000","$180,148,897",R
12,"Apr 6, 2012",American Reunion,"$50,000,000","$236,799,211",R
13,"Mar 2, 2012",Project X,"$12,000,000","$103,028,188",R
14,"Oct 19, 2012",Paranormal Activity 4,"$5,000,000","$142,817,992",R
15,"Jan 27, 2012",The Grey,"$25,000,000","$81,249,176",R
16,"Oct 12, 2012",Sinister,"$3,000,000","$87,727,807",R
17,"Jul 6, 2012",Savages,"$45,000,000","$82,513,490",R
18,"Sep 14, 2012",Resident Evil: Retribution,"$65,000,000","$240,647,629",R
19,"Apr 13, 2012",The Cabin in the Woods,"$30,000,000","$70,689,968",R
20,"Sep 21, 2012",End of Watch,"$15,000,000","$57,586,606",R
21,"Aug 29, 2012",Lawless,"$26,000,000","$54,393,687",R
22,"Jun 15, 2012",Thatâs My Boy,"$57,500,000","$58,879,681",R
23,"Jul 27, 2012",The Watch,"$55,000,000","$67,130,045",R
24,"Apr 27, 2012",The Five-Year Engagement,"$30,000,000","$61,623,819",R
25,"Jan 20, 2012",Haywire,"$23,000,000","$36,374,700",R
26,"Sep 21, 2012",The Perks of Being a Wallflower,"$13,000,000","$33,069,303",R
27,"Oct 26, 2012",Silent Hill: Revelation 3D,"$20,000,000","$55,975,672",R
28,"Feb 24, 2012",Wanderlust,"$32,500,000","$24,159,934",R
29,"Apr 27, 2012",Safe,"$33,000,000","$41,495,213",R
30,"Jun 22, 2012",To Rome with Love,"$21,500,000","$74,290,305",R
31,"Sep 14, 2012",The Master,"$37,500,000","$50,879,131",R
32,"Apr 27, 2012",The Raven,"$26,000,000","$30,601,801",R
33,"Nov 2, 2012",The Man with the Iron Fists,"$15,000,000","$22,018,988",R
34,"Oct 12, 2012",Seven Psychopaths,"$13,500,000","$33,035,736",R
35,"Nov 30, 2012",Killing Them Softly,"$15,000,000","$39,238,443",R
36,"Aug 22, 2012",Hit & Run,"$22,000,000","$17,216,955",R
37,"Sep 21, 2012",Dredd,"$45,000,000","$41,467,606",R
38,"May 25, 2012",Les Intouchables,"$10,800,000","$484,857,330",R
39,"Nov 16, 2012",Anna Karenina,"$49,000,000","$71,004,627",R
40,"Mar 9, 2012",Silent House,"$2,000,000","$16,610,760",R
41,"Sep 14, 2012",Arbitrage,"$12,000,000","$35,830,713",R
42,"Jun 22, 2012",Seeking a Friend for the End of the W…,"$10,000,000","$11,766,959",R
43,"Nov 30, 2012",The Collection,"$10,000,000","$8,890,094",R
44,"Mar 16, 2012",Casa de mi Padre,"$6,000,000","$8,446,952",R
45,"Jun 1, 2012",For Greater Glory: The True Story of …,"$12,000,000","$10,026,255",R
46,"Mar 16, 2012","Jeff, Who Lives at Home","$10,000,000","$4,708,127",R
47,"Nov 23, 2012",De rouille et dâos,"$19,500,000","$29,393,634",R
48,"Jan 13, 2012",We Need to Talk About Kevin,"$7,000,000","$10,765,283",R
49,"Jul 27, 2012",Killer Joe,"$10,000,000","$4,659,110",R
50,"Apr 27, 2012",Hodejegerne,"$5,250,000","$20,188,740",R
51,"Jan 20, 2012",Coriolanus,"$10,000,000","$2,536,707",R
52,"Oct 5, 2012",The Paperboy,"$12,500,000","$4,027,663",R
53,"Sep 7, 2012",Bachelorette,"$3,000,000","$12,577,401",R
54,"Sep 14, 2012",Stolen,"$35,000,000","$17,967,746",R
55,"Mar 2, 2012",Tim and Eric's Billion Dollar Movie,"$3,000,000","$223,652",R
56,"Jul 11, 2012",Snabba Cash,"$4,300,000","$10,212,403",R
57,"Jun 1, 2012",High School,"$10,000,000","$248,133",R
58,"Aug 17, 2012",The Awakening,"$4,900,000","$6,924,321",R
59,"Dec 7, 2012",Deadfall,"$6,000,000","$1,673,635",R
60,"Jul 13, 2012",Red Lights,"$17,700,000","$14,518,884",R
61,"Sep 7, 2012",The Inbetweeners,"$5,700,000","$86,051,320",R
62,"Jan 13, 2012",The Divide,"$3,000,000","$156,362",R
63,"Sep 28, 2012",Solomon Kane,"$40,000,000","$22,024,849",R
64,"Dec 31, 2012",Infected,"$2,100,000",$0,R
65,"Apr 13, 2012",Detention,"$10,000,000",$0,R
66,"Dec 31, 2012",The Helpers,"$4,000,000",$0,R
67,"Jun 1, 2012",The Loved Ones,"$4,000,000","$12,302",R
68,"Dec 31, 2012",Highway,"$2,000,000",$0,R
0,"Jun 28, 2013",The Heat,"$43,000,000","$229,727,774",R
1,"Aug 7, 2013",Weâre the Millers,"$37,000,000","$267,816,276",R
2,"Dec 13, 2013",American Hustle,"$40,000,000","$257,858,943",R
3,"Jul 19, 2013",The Conjuring,"$20,000,000","$317,793,763",R
4,"Feb 8, 2013",Identity Thief,"$35,000,000","$175,361,578",R
5,"Dec 18, 2013",Anchorman 2: The Legend Continues,"$50,000,000","$172,246,223",R
6,"Dec 25, 2013",Lone Survivor,"$40,000,000","$149,804,632",R
7,"Oct 25, 2013",Jackass Presents: Bad Grandpa,"$15,000,000","$160,903,019",R
8,"Jun 12, 2013",This is the End,"$32,000,000","$126,539,117",R
9,"Aug 2, 2013",2 Guns,"$61,000,000","$132,493,015",R
10,"Nov 15, 2013",The Best Man Holiday,"$17,000,000","$72,835,710",R
11,"Jun 7, 2013",The Purge,"$3,000,000","$91,266,581",R
12,"Sep 20, 2013",Prisoners,"$46,000,000","$113,402,302",R
13,"Oct 18, 2013",12 Years a Slave,"$20,000,000","$180,790,756",R
14,"Jan 25, 2013",Hansel & Gretel: Witch Hunters,"$50,000,000","$214,949,716",R
15,"Apr 5, 2013",Evil Dead,"$17,000,000","$99,041,947",R
16,"Mar 15, 2013",The Call,"$12,800,000","$69,821,476",R
17,"Apr 26, 2013",Pain & Gain,"$26,000,000","$81,275,291",R
18,"Jan 11, 2013",Gangster Squad,"$60,000,000","$104,100,903",R
19,"Sep 6, 2013",Riddick,"$38,000,000","$94,763,758",R
20,"Jan 11, 2013",A Haunted House,"$2,500,000","$59,922,558",R
21,"Dec 25, 2013",August: Osage County,"$25,000,000","$50,738,810",R
22,"Sep 13, 2013",The Family,"$30,000,000","$80,588,942",R
23,"Oct 18, 2013",Carrie,"$30,000,000","$82,409,520",R
24,"Jan 4, 2013",Texas Chainsaw 3D,"$20,000,000","$47,666,013",R
25,"Jul 3, 2013",Kevin Hart: Let Me Explain,"$2,500,000","$32,327,255",R
26,"Feb 8, 2013",Side Effects,"$30,000,000","$66,742,138",R
27,"Aug 16, 2013",Kick-Ass 2,"$28,000,000","$63,129,909",R
28,"Nov 1, 2013",Dallas Buyers Club,"$5,000,000","$60,611,845",R
29,"Sep 20, 2013",Rush,"$38,000,000","$98,230,839",R
30,"Aug 23, 2013",The World's End,"$20,000,000","$47,124,638",R
31,"Mar 1, 2013",21 and Over,"$13,000,000","$42,195,766",R
32,"Sep 27, 2013",Don Jon,"$5,500,000","$41,268,579",R
33,"Apr 26, 2013",The Big Wedding,"$32,500,000","$48,425,971",R
34,"Mar 29, 2013",The Place Beyond the Pines,"$15,000,000","$47,011,449",R
35,"Nov 27, 2013",Homefront,"$22,000,000","$51,695,362",R
36,"Jan 18, 2013",Broken City,"$35,000,000","$37,114,977",R
37,"Oct 4, 2013",Runner Runner,"$30,000,000","$60,512,680",R
38,"Nov 15, 2013",Nebraska,"$12,000,000","$24,761,360",R
39,"Jan 25, 2013",Parker,"$35,000,000","$48,543,388",R
40,"Oct 25, 2013",The Counselor,"$25,000,000","$71,009,334",R
41,"Nov 1, 2013",About Time,"$12,000,000","$88,538,742",R
42,"Mar 15, 2013",Spring Breakers,"$5,000,000","$31,149,251",R
43,"Dec 6, 2013",Inside Llewyn Davis,"$11,000,000","$32,943,247",R
44,"Jan 18, 2013",The Last Stand,"$30,000,000","$48,330,757",R
45,"Dec 4, 2013",Out of the Furnace,"$22,000,000","$15,434,375",R
46,"Mar 8, 2013",Dead Man Down,"$30,000,000","$19,599,974",R
47,"Feb 1, 2013",Bullet to the Head,"$55,000,000","$22,597,969",R
48,"Jan 25, 2013",Movie 43,"$10,000,000","$31,164,747",R
49,"May 24, 2013",Before Midnight,"$3,000,000","$23,241,189",R
50,"Oct 11, 2013",Machete Kills,"$20,000,000","$18,273,009",R
51,"Jan 4, 2013",Promised Land,"$15,000,000","$12,394,562",R
52,"Aug 2, 2013",The Spectacular Now,"$2,500,000","$6,916,951",R
53,"Apr 5, 2013",The Company You Keep,"$2,000,000","$21,087,760",R
54,"May 17, 2013",Frances Ha,"$3,000,000","$11,218,621",R
55,"Sep 27, 2013",Metallica Through the Never,"$18,000,000","$9,082,906",R
56,"Oct 18, 2013",The Fifth Estate,"$26,000,000","$6,154,172",R
57,"Apr 5, 2013",Trance,"$16,000,000","$22,594,052",R
58,"May 3, 2013",The Iceman,"$10,000,000","$3,623,609",R
59,"Mar 1, 2013",Stoker,"$12,000,000","$12,034,913",R
60,"Mar 1, 2013",Phantom,"$18,000,000","$1,199,510",R
61,"Jul 19, 2013",Only God Forgives,"$4,800,000","$4,494,560",R
62,"Mar 22, 2013",On the Road,"$25,000,000","$9,313,302",R
63,"May 17, 2013",Jagten,"$3,450,000","$18,309,793",R
64,"Apr 26, 2013",The Reluctant Fundamentalist,"$15,000,000","$528,731",R
65,"Aug 16, 2013",Ain't Them Bodies Saints,"$5,000,000","$1,075,009",R
66,"May 3, 2013","Cinco de Mayo, La Batalla","$10,000,000","$173,472",R
67,"Sep 6, 2013",Winnie Mandela,"$15,000,000","$61,847",R
68,"Jun 28, 2013",Redemption,"$23,000,000","$13,593,473",R
69,"Mar 1, 2013",The Sweeney,"$4,500,000","$8,000,366",R
70,"Dec 6, 2013",The Last Days on Mars,"$10,600,000","$261,364",R
71,"Feb 22, 2013",Inescapable,"$4,000,000","$4,327",R
72,"Nov 1, 2013",Mr. Nobody,"$46,500,000","$22,254",R
73,"Sep 13, 2013",Plush,"$2,000,000","$28,864",R
74,"Apr 1, 2013",Stitches,"$2,000,000","$63,555",R
75,"Jul 23, 2013",Twixt,"$7,000,000","$1,268,346",R
76,"Dec 31, 2013",Re-Kill,"$9,500,000",$0,R
77,"Aug 23, 2013",The Frozen Ground,"$19,200,000","$5,617,460",R
78,"Jun 21, 2013",Alien Uprising,"$2,500,000",$0,R
79,"Jan 15, 2013",30 Nights Of Paranormal Activity With…,"$3,000,000",$0,R
80,"Dec 31, 2013",Zulu,"$16,000,000","$1,844,228",R
81,"Feb 8, 2013",Small Apartments,"$2,000,000",$0,R
82,"Mar 19, 2013",Straight A's,"$2,000,000",$0,R
83,"Feb 1, 2013",A Haunting in Connecticut 2: The Ghos…,"$9,000,000",$0,R
0,"Jun 28, 2013",The Heat,"$43,000,000","$229,727,774",R
1,"Aug 7, 2013",Weâre the Millers,"$37,000,000","$267,816,276",R
2,"Dec 13, 2013",American Hustle,"$40,000,000","$257,858,943",R
3,"Jul 19, 2013",The Conjuring,"$20,000,000","$317,793,763",R
4,"Feb 8, 2013",Identity Thief,"$35,000,000","$175,361,578",R
5,"Dec 18, 2013",Anchorman 2: The Legend Continues,"$50,000,000","$172,246,223",R
6,"Dec 25, 2013",Lone Survivor,"$40,000,000","$149,804,632",R
7,"Oct 25, 2013",Jackass Presents: Bad Grandpa,"$15,000,000","$160,903,019",R
8,"Jun 12, 2013",This is the End,"$32,000,000","$126,539,117",R
9,"Aug 2, 2013",2 Guns,"$61,000,000","$132,493,015",R
10,"Nov 15, 2013",The Best Man Holiday,"$17,000,000","$72,835,710",R
11,"Jun 7, 2013",The Purge,"$3,000,000","$91,266,581",R
12,"Sep 20, 2013",Prisoners,"$46,000,000","$113,402,302",R
13,"Oct 18, 2013",12 Years a Slave,"$20,000,000","$180,790,756",R
14,"Jan 25, 2013",Hansel & Gretel: Witch Hunters,"$50,000,000","$214,949,716",R
15,"Apr 5, 2013",Evil Dead,"$17,000,000","$99,041,947",R
16,"Mar 15, 2013",The Call,"$12,800,000","$69,821,476",R
17,"Apr 26, 2013",Pain & Gain,"$26,000,000","$81,275,291",R
18,"Jan 11, 2013",Gangster Squad,"$60,000,000","$104,100,903",R
19,"Sep 6, 2013",Riddick,"$38,000,000","$94,763,758",R
20,"Jan 11, 2013",A Haunted House,"$2,500,000","$59,922,558",R
21,"Dec 25, 2013",August: Osage County,"$25,000,000","$50,738,810",R
22,"Sep 13, 2013",The Family,"$30,000,000","$80,588,942",R
23,"Oct 18, 2013",Carrie,"$30,000,000","$82,409,520",R
24,"Jan 4, 2013",Texas Chainsaw 3D,"$20,000,000","$47,666,013",R
25,"Jul 3, 2013",Kevin Hart: Let Me Explain,"$2,500,000","$32,327,255",R
26,"Feb 8, 2013",Side Effects,"$30,000,000","$66,742,138",R
27,"Aug 16, 2013",Kick-Ass 2,"$28,000,000","$63,129,909",R
28,"Nov 1, 2013",Dallas Buyers Club,"$5,000,000","$60,611,845",R
29,"Sep 20, 2013",Rush,"$38,000,000","$98,230,839",R
30,"Aug 23, 2013",The World's End,"$20,000,000","$47,124,638",R
31,"Mar 1, 2013",21 and Over,"$13,000,000","$42,195,766",R
32,"Sep 27, 2013",Don Jon,"$5,500,000","$41,268,579",R
33,"Apr 26, 2013",The Big Wedding,"$32,500,000","$48,425,971",R
34,"Mar 29, 2013",The Place Beyond the Pines,"$15,000,000","$47,011,449",R
35,"Nov 27, 2013",Homefront,"$22,000,000","$51,695,362",R
36,"Jan 18, 2013",Broken City,"$35,000,000","$37,114,977",R
37,"Oct 4, 2013",Runner Runner,"$30,000,000","$60,512,680",R
38,"Nov 15, 2013",Nebraska,"$12,000,000","$24,761,360",R
39,"Jan 25, 2013",Parker,"$35,000,000","$48,543,388",R
40,"Oct 25, 2013",The Counselor,"$25,000,000","$71,009,334",R
41,"Nov 1, 2013",About Time,"$12,000,000","$88,538,742",R
42,"Mar 15, 2013",Spring Breakers,"$5,000,000","$31,149,251",R
43,"Dec 6, 2013",Inside Llewyn Davis,"$11,000,000","$32,943,247",R
44,"Jan 18, 2013",The Last Stand,"$30,000,000","$48,330,757",R
45,"Dec 4, 2013",Out of the Furnace,"$22,000,000","$15,434,375",R
46,"Mar 8, 2013",Dead Man Down,"$30,000,000","$19,599,974",R
47,"Feb 1, 2013",Bullet to the Head,"$55,000,000","$22,597,969",R
48,"Jan 25, 2013",Movie 43,"$10,000,000","$31,164,747",R
49,"May 24, 2013",Before Midnight,"$3,000,000","$23,241,189",R
50,"Oct 11, 2013",Machete Kills,"$20,000,000","$18,273,009",R
51,"Jan 4, 2013",Promised Land,"$15,000,000","$12,394,562",R
52,"Aug 2, 2013",The Spectacular Now,"$2,500,000","$6,916,951",R
53,"Apr 5, 2013",The Company You Keep,"$2,000,000","$21,087,760",R
54,"May 17, 2013",Frances Ha,"$3,000,000","$11,218,621",R
55,"Sep 27, 2013",Metallica Through the Never,"$18,000,000","$9,082,906",R
56,"Oct 18, 2013",The Fifth Estate,"$26,000,000","$6,154,172",R
57,"Apr 5, 2013",Trance,"$16,000,000","$22,594,052",R
58,"May 3, 2013",The Iceman,"$10,000,000","$3,623,609",R
59,"Mar 1, 2013",Stoker,"$12,000,000","$12,034,913",R
60,"Mar 1, 2013",Phantom,"$18,000,000","$1,199,510",R
61,"Jul 19, 2013",Only God Forgives,"$4,800,000","$4,494,560",R
62,"Mar 22, 2013",On the Road,"$25,000,000","$9,313,302",R
63,"May 17, 2013",Jagten,"$3,450,000","$18,309,793",R
64,"Apr 26, 2013",The Reluctant Fundamentalist,"$15,000,000","$528,731",R
65,"Aug 16, 2013",Ain't Them Bodies Saints,"$5,000,000","$1,075,009",R
66,"May 3, 2013","Cinco de Mayo, La Batalla","$10,000,000","$173,472",R
67,"Sep 6, 2013",Winnie Mandela,"$15,000,000","$61,847",R
68,"Jun 28, 2013",Redemption,"$23,000,000","$13,593,473",R
69,"Mar 1, 2013",The Sweeney,"$4,500,000","$8,000,366",R
70,"Dec 6, 2013",The Last Days on Mars,"$10,600,000","$261,364",R
71,"Feb 22, 2013",Inescapable,"$4,000,000","$4,327",R
72,"Nov 1, 2013",Mr. Nobody,"$46,500,000","$22,254",R
73,"Sep 13, 2013",Plush,"$2,000,000","$28,864",R
74,"Apr 1, 2013",Stitches,"$2,000,000","$63,555",R
75,"Jul 23, 2013",Twixt,"$7,000,000","$1,268,346",R
76,"Dec 31, 2013",Re-Kill,"$9,500,000",$0,R
77,"Aug 23, 2013",The Frozen Ground,"$19,200,000","$5,617,460",R
78,"Jun 21, 2013",Alien Uprising,"$2,500,000",$0,R
79,"Jan 15, 2013",30 Nights Of Paranormal Activity With…,"$3,000,000",$0,R
80,"Dec 31, 2013",Zulu,"$16,000,000","$1,844,228",R
81,"Feb 8, 2013",Small Apartments,"$2,000,000",$0,R
82,"Mar 19, 2013",Straight A's,"$2,000,000",$0,R
83,"Feb 1, 2013",A Haunting in Connecticut 2: The Ghos…,"$9,000,000",$0,R
0,"Feb 13, 2015",Fifty Shades of Grey,"$40,000,000","$570,794,950",R
1,"Aug 14, 2015",Straight Outta Compton,"$28,000,000","$202,182,981",R
2,"Jun 5, 2015",Spy!,"$65,000,000","$232,585,748",R
3,"Jul 17, 2015",Trainwreck,"$35,000,000","$141,123,897",R
4,"Mar 27, 2015",Get Hard,"$40,000,000","$111,711,453",R
5,"Dec 18, 2015",Sisters,"$30,000,000","$106,030,660",R
6,"Dec 11, 2015",The Big Short,"$28,000,000","$133,162,752",R
7,"Jul 1, 2015",Magic Mike XXL,"$14,500,000","$123,580,421",R
8,"Jan 16, 2015",The Wedding Ringer,"$23,000,000","$80,171,596",R
9,"Sep 18, 2015",Black Mass,"$53,000,000","$98,837,872",R
10,"Jul 29, 2015",Vacation,"$31,000,000","$102,306,500",R
11,"Dec 25, 2015",The Hateful Eight,"$62,000,000","$152,616,451",R
12,"Jul 24, 2015",Southpaw,"$30,000,000","$94,156,456",R
13,"Sep 18, 2015",Sicario,"$30,000,000","$84,393,749",R
14,"Nov 6, 2015",Spotlight,"$20,000,000","$91,902,438",R
15,"Aug 7, 2015",The Gift,"$5,000,000","$58,978,477",R
16,"Nov 20, 2015",The Night Before,"$25,000,000","$52,568,099",R
17,"Jan 23, 2015",The Boy Next Door,"$4,000,000","$53,401,938",R
18,"Jun 3, 2015",Entourage,"$30,000,000","$46,438,538",R
19,"Mar 6, 2015",Chappie,"$49,000,000","$105,002,056",R
20,"Oct 16, 2015",Crimson Peak,"$55,000,000","$74,966,854",R
21,"Sep 2, 2015",A Walk in the Woods,"$8,000,000","$37,119,358",R
22,"Aug 21, 2015",Sinister 2,"$10,000,000","$54,104,225",R
23,"Aug 26, 2015",No Escape,"$5,000,000","$42,844,516",R
24,"Mar 13, 2015",Run All Night,"$50,000,000","$71,561,644",R
25,"Apr 10, 2015",Ex Machina,"$13,000,000","$38,358,392",R
26,"Aug 21, 2015",Hitman: Agent 47,"$35,000,000","$82,182,803",R
27,"Oct 23, 2015",Paranormal Activity: The Ghost Dimension,"$10,000,000","$77,959,374",R
28,"Oct 9, 2015",Steve Jobs,"$30,000,000","$35,579,007",R
29,"Jun 19, 2015",Dope,"$7,000,000","$18,190,831",R
30,"Oct 16, 2015",Room,"$13,000,000","$36,311,350",R
31,"Mar 13, 2015",It Follows,"$2,000,000","$23,236,296",R
32,"Aug 21, 2015",American Ultra,"$28,000,000","$30,295,028",R
33,"Oct 30, 2015",Burnt,"$20,000,000","$36,766,293",R
34,"Nov 20, 2015",Carol,"$11,800,000","$42,666,442",R
35,"Feb 20, 2015",Hot Tub Time Machine 2,"$14,000,000","$12,826,644",R
36,"Mar 20, 2015",The Gunman,"$40,000,000","$24,478,613",R
37,"Mar 6, 2015",Unfinished Business,"$35,000,000","$13,214,051",R
38,"Nov 6, 2015",Trumbo,"$15,000,000","$13,300,181",R
39,"Jan 23, 2015",Mortdecai,"$60,000,000","$30,396,134",R
40,"Mar 27, 2015",While We're Young,"$10,000,000","$17,503,828",R
41,"Oct 30, 2015",Our Brand is Crisis,"$28,000,000","$8,594,558",R
42,"Mar 20, 2015",Danny Collins,"$10,000,000","$8,465,845",R
43,"Apr 24, 2015",The Water Diviner,"$22,500,000","$31,054,727",R
44,"Dec 30, 2015",Anomalisa,"$8,000,000","$5,706,168",R
45,"Oct 30, 2015",Scouts Guide to the Zombie Apocalypse,"$15,000,000","$15,554,855",R
46,"Aug 28, 2015",We Are Your Friends,"$2,000,000","$10,153,415",R
47,"Jan 23, 2015",Mommy,"$4,900,000","$17,536,004",R
48,"Oct 23, 2015",Rock the Kasbah,"$15,000,000","$3,386,153",R
49,"Dec 4, 2015",Youth,"$13,000,000","$24,001,573",R
50,"Oct 16, 2015",Truth,"$9,600,000","$6,842,580",R
51,"Nov 20, 2015",Legend,"$25,000,000","$42,425,450",R
52,"Aug 7, 2015",The Diary of a Teenage Girl,"$2,000,000","$2,279,959",R
53,"Apr 17, 2015",Child 44,"$50,000,000","$8,004,221",R
54,"May 8, 2015",The D Train,"$3,000,000","$772,366",R
55,"Nov 13, 2015",By the Sea,"$20,000,000","$3,727,746",R
56,"May 15, 2015",Slow West,"$3,750,000","$2,089,072",R
57,"Jun 26, 2015",Escobar: Paradise Lost,"$17,000,000","$3,917,679",R
58,"Aug 7, 2015",Cop Car,"$5,000,000","$143,658",R
59,"Sep 4, 2015",Tian jiang xiong shi,"$65,000,000","$122,519,874",R
60,"Oct 30, 2015",Freaks of Nature,"$33,000,000","$70,958",R
61,"Oct 30, 2015",Regression,"$20,000,000","$15,824,374",R
62,"May 22, 2015",Aloft,"$8,000,000","$531,139",R
63,"Nov 13, 2015",Heist,"$8,900,000","$3,324,131",R
64,"Oct 2, 2015",Shanghai,"$50,000,000","$15,505,922",R
65,"Apr 7, 2015",Lost River,"$2,000,000","$2,009,644",R
66,"Feb 27, 2015",The Salvation,"$14,000,000","$2,947,737",R
67,"Oct 9, 2015",Knock Knock,"$2,000,000","$6,328,516",R
68,"Oct 9, 2015",Trash,"$12,000,000","$6,553,186",R
69,"Jul 10, 2015",Strangerland,"$10,000,000","$161,097",R
70,"Nov 11, 2015",10 Days in a Madhouse,"$12,000,000","$14,616",R
71,"May 15, 2015",Area 51,"$5,000,000","$7,556",R
72,"Jan 30, 2015",Wild Card,"$30,000,000","$4,315,789",R
73,"May 8, 2015",Skin Trade,"$9,000,000","$1,242",R
74,"May 19, 2015",Into the Grizzly Maze,"$10,000,000",$0,R
75,"Mar 20, 2015",The Walking Deceased,"$2,000,000",$0,R
76,"Jan 27, 2015",Born of War,"$5,000,000",$0,R
77,"May 15, 2015",Pound of Flesh,"$7,500,000",$0,R
78,"Feb 24, 2015",Green Street Hooligans: Underground,"$8,000,000",$0,R
79,"Oct 16, 2015",Unnatural,"$3,000,000",$0,R
80,"Sep 1, 2015",Broken Horses,"$15,000,000","$3,471",R
81,"Jul 21, 2015",American Heist,"$10,000,000","$2,341,218",R
82,"Jun 5, 2015",Freedom,"$14,500,000","$872,757",R
83,"Mar 17, 2015",Something Wicked,"$3,000,000",$0,R
84,"Oct 16, 2015",Wind Walkers,"$2,000,000",$0,R
85,"Aug 28, 2015",Zipper,"$4,500,000",$0,R
86,"Jan 20, 2015",Veronika Decides to Die,"$9,000,000","$2,243",R
87,"Sep 1, 2015",Lords of London,"$3,440,000",$0,R
88,"Sep 8, 2015",Chain of Command,"$4,000,000",$0,R
0,"Feb 12, 2016",Deadpool,"$58,000,000","$784,157,111",R
1,"Jul 29, 2016",Bad Moms,"$20,000,000","$180,485,601",R
2,"Jun 10, 2016",The Conjuring 2: The Enfield Poltergeist,"$40,000,000","$310,399,793",R
3,"Aug 12, 2016",Sausage Party,"$19,000,000","$141,344,255",R
4,"Aug 26, 2016",Donât Breathe,"$10,000,000","$158,973,685",R
5,"Oct 14, 2016",The Accountant,"$40,000,000","$152,962,083",R
6,"Jul 1, 2016",The Purge: Election Year,"$10,000,000","$118,514,727",R
7,"Oct 7, 2016",The Girl on the Train,"$45,000,000","$174,278,214",R
8,"Nov 4, 2016",Hacksaw Ridge,"$40,000,000","$168,904,682",R
9,"Apr 8, 2016",The Boss,"$29,000,000","$78,652,207",R
10,"Mar 4, 2016",London Has Fallen,"$60,000,000","$195,194,085",R
11,"Dec 23, 2016",Why Him?,"$38,000,000","$117,425,156",R
12,"May 20, 2016",Neighbors 2: Sorority Rising,"$35,000,000","$108,757,621",R
13,"Dec 9, 2016",Office Christmas Party,"$45,000,000","$115,097,874",R
14,"Jan 15, 2016",13 Hours: The Secret Soldiers of Beng…,"$50,000,000","$69,411,370",R
15,"Nov 18, 2016",Manchester by the Sea,"$8,500,000","$77,733,867",R
16,"Feb 12, 2016",How to be Single,"$37,000,000","$100,003,780",R
17,"Jul 8, 2016",Mike and Dave Need Wedding Dates,"$33,000,000","$75,898,100",R
18,"Aug 19, 2016",War Dogs,"$50,000,000","$86,234,503",R
19,"May 13, 2016",Money Monster,"$27,000,000","$93,466,095",R
20,"May 20, 2016",The Nice Guys,"$50,000,000","$59,596,747",R
21,"Jan 22, 2016",Dirty Grandpa,"$11,500,000","$105,078,449",R
22,"Dec 21, 2016",Patriots Day,"$40,000,000","$52,837,989",R
23,"Aug 12, 2016",Hell or High Water,"$12,000,000","$37,584,304",R
24,"Feb 19, 2016",The Witch,"$3,500,000","$40,438,974",R
25,"Sep 16, 2016",Bridget Jonesâs Baby,"$35,000,000","$207,298,383",R
26,"Oct 14, 2016",Kevin Hart: What Now?,"$10,000,000","$23,591,043",R
27,"Mar 4, 2016",Whiskey Tango Foxtrot,"$35,000,000","$25,350,747",R
28,"Sep 16, 2016",Snowden,"$50,000,000","$35,380,918",R
29,"Aug 26, 2016",Mechanic: Resurrection,"$40,000,000","$125,729,635",R
30,"Jun 24, 2016",Free State of Jones,"$50,000,000","$23,237,252",R
31,"Sep 16, 2016",Blair Witch,"$10,000,000","$38,985,577",R
32,"Apr 29, 2016",Keanu,"$15,000,000","$20,688,141",R
33,"Mar 11, 2016",Eye in the Sky,"$13,000,000","$35,402,802",R
34,"Nov 23, 2016",Bad Santa 2,"$26,000,000","$23,345,113",R
35,"Oct 7, 2016",The Birth of a Nation,"$10,000,000","$16,891,011",R
36,"Jul 13, 2016",The Infiltrator,"$47,500,000","$22,152,137",R
37,"Apr 15, 2016",Criminal,"$31,500,000","$38,771,262",R
38,"Nov 18, 2016",The Edge of Seventeen,"$9,000,000","$19,096,003",R
39,"Dec 2, 2016",Jackie,"$9,000,000","$36,588,512",R
40,"Feb 26, 2016",Triple 9,"$20,000,000","$25,943,792",R
41,"Jan 29, 2016",Fifty Shades of Black,"$5,000,000","$22,113,075",R
42,"Nov 18, 2016",Nocturnal Animals,"$22,500,000","$32,398,681",R
43,"Dec 25, 2016",Live by Night,"$65,000,000","$21,774,432",R
44,"Mar 11, 2016",The Perfect Match,"$5,000,000","$10,182,050",R
45,"Jun 3, 2016",Popstar: Never Stop Never Stopping,"$20,000,000","$9,537,120",R
46,"Apr 8, 2016",Hardcore Henry,"$2,000,000","$17,187,434",R
47,"Mar 25, 2016",The Lobster,"$4,500,000","$18,019,834",R
48,"Dec 23, 2016",Silence,"$46,500,000","$23,726,626",R
49,"Nov 11, 2016",Shut In,"$10,000,000","$11,360,665",R
50,"Mar 11, 2016",The Brothers Grimsby,"$35,000,000","$28,720,470",R
51,"Jul 8, 2016",Captain Fantastic,"$5,000,000","$21,340,234",R
52,"Nov 18, 2016",Bleed for This,"$16,000,000","$7,171,320",R
53,"Aug 26, 2016",Hands of Stone,"$20,000,000","$5,031,975",R
54,"Jul 22, 2016",Donât Think Twice,"$3,000,000","$4,417,983",R
55,"Apr 22, 2016",A Hologram for the King,"$35,000,000","$11,846,010",R
56,"Jun 24, 2016",Swiss Army Man,"$3,000,000","$5,837,111",R
57,"Sep 2, 2016",Morgan,"$8,000,000","$7,298,786",R
58,"Nov 25, 2016",Miss Sloane,"$18,000,000","$7,768,259",R
59,"Mar 30, 2016",Everybody Wants Some,"$10,000,000","$5,437,126",R
60,"Feb 19, 2016",Mei Ren Yu,"$60,720,000","$525,018,479",R
61,"Apr 15, 2016",Green Room,"$5,000,000","$3,807,503",R
62,"Apr 22, 2016",Compadres,"$3,000,000","$7,445,044",R
63,"Mar 4, 2016",The Other Side of the Door,"$5,000,000","$12,905,107",R
64,"Sep 9, 2016",The Disappointments Room,"$15,000,000","$3,503,761",R
65,"Nov 11, 2016",Elle,"$9,100,000","$16,517,708",R
66,"Dec 28, 2016",Paterson,"$5,000,000","$10,727,536",R
67,"Sep 23, 2016",The Dressmaker,"$11,900,000","$24,889,436",R
68,"Nov 11, 2016",Billy Lynnâs Long Halftime Walk,"$40,000,000","$30,230,402",R
69,"Jan 29, 2016",Jane Got a Gun,"$25,000,000","$3,771,345",R
70,"Jun 24, 2016",The Neon Demon,"$7,500,000","$3,559,803",R
71,"Sep 30, 2016",American Honey,"$3,500,000","$2,611,750",R
72,"Mar 18, 2016",The Bronze,"$3,500,000","$615,816",R
73,"May 6, 2016",Dheepan,"$9,000,000","$7,704,357",R
74,"Mar 18, 2016",El Clan,"$5,500,000","$22,125,102",R
75,"Sep 9, 2016",Kicks,"$10,000,000","$150,191",R
76,"Oct 16, 2016",Mi America,"$2,100,000","$3,330",R
77,"Apr 15, 2016",I Am Wrath,"$18,000,000","$309,608",R
78,"Feb 5, 2016",Misconduct,"$11,000,000","$2,352,511",R
79,"Feb 2, 2016",The Rise of the Krays,"$2,500,000",$0,R
80,"Jan 19, 2016",The Veil,"$4,000,000",$0,R
81,"Nov 11, 2016",USS Indianapolis: Men of Courage,"$40,000,000","$1,663,785",R
82,"May 6, 2016",Code of Honor,"$8,000,000",$0,R
83,"Mar 15, 2016",The Hatching,"$5,000,000",$0,R
84,"Jan 19, 2016",Eden,"$2,300,000",$0,R
85,"Feb 19, 2016",Forsaken,"$18,000,000",$0,R
86,"Nov 1, 2016",Reign of Assassins,"$14,000,000","$11,354,230",R
0,"Sep 8, 2017",It,"$35,000,000","$701,083,042",R
1,"Feb 24, 2017",Get Out,"$5,000,000","$252,500,135",R
2,"Jul 21, 2017",Girls Trip,"$28,000,000","$140,886,353",R
3,"Feb 10, 2017",Fifty Shades Darker,"$55,000,000","$381,367,046",R
4,"Jun 28, 2017",Baby Driver,"$34,000,000","$228,104,185",R
5,"Aug 11, 2017",Annabelle: Creation,"$15,000,000","$305,384,865",R
6,"Feb 10, 2017",John Wick: Chapter Two,"$40,000,000","$171,317,271",R
7,"Aug 18, 2017",The Hitmanâs Bodyguard,"$30,000,000","$183,428,327",R
8,"Nov 1, 2017",A Bad Moms Christmas,"$28,000,000","$127,710,550",R
9,"Dec 1, 2017",The Shape of Water,"$19,500,000","$195,790,794",R
10,"May 25, 2017",Baywatch,"$60,000,000","$175,863,783",R
11,"Nov 10, 2017","Three Billboards Outside Ebbing, Miss…","$12,000,000","$161,456,746",R
12,"Jul 28, 2017",Atomic Blonde,"$30,000,000","$98,345,423",R
13,"Sep 29, 2017",American Made,"$50,000,000","$135,569,212",R
14,"Nov 3, 2017",Lady Bird,"$10,000,000","$78,944,998",R
15,"May 12, 2017",Snatched,"$42,000,000","$57,852,177",R
16,"Jun 16, 2017",All Eyez on Me,"$45,000,000","$57,697,426",R
17,"Jun 23, 2017",The Big Sick,"$5,000,000","$56,868,677",R
18,"Oct 27, 2017",Jigsaw,"$10,000,000","$104,223,315",R
19,"Sep 15, 2017",American Assassin,"$63,000,000","$68,310,140",R
20,"Oct 13, 2017",The Foreigner,"$35,000,000","$145,374,099",R
21,"Aug 4, 2017",Wind River,"$11,000,000","$44,998,252",R
22,"Feb 17, 2017",Fist Fight,"$25,000,000","$40,286,416",R
23,"Aug 4, 2017",Kidnap,"$21,000,000","$34,836,080",R
24,"Jan 6, 2017",Underworld: Blood Wars,"$35,000,000","$81,209,222",R
25,"Mar 24, 2017",Life,"$58,000,000","$100,929,666",R
26,"Dec 8, 2017","I, Tonya","$11,000,000","$53,797,409",R
27,"Dec 22, 2017",Hostiles,"$50,000,000","$36,976,336",R
28,"Dec 25, 2017",Mollyâs Game,"$30,000,000","$53,296,424",R
29,"Jan 27, 2017",Resident Evil: The Final Chapter,"$40,000,000","$314,101,190",R
30,"Jun 30, 2017",The House,"$40,000,000","$31,192,425",R
31,"Dec 25, 2017",All the Money in the World,"$50,000,000","$56,890,649",R
32,"Jun 16, 2017",Rough Night,"$20,000,000","$46,844,357",R
33,"Dec 25, 2017",Phantom Thread,"$35,000,000","$47,896,721",R
34,"Dec 1, 2017",The Disaster Artist,"$10,000,000","$28,717,667",R
35,"Jan 13, 2017",Sleepless,"$30,000,000","$33,296,659",R
36,"Mar 24, 2017",CHiPS,"$25,000,000","$23,190,292",R
37,"Nov 24, 2017",Call Me by Your Name,"$3,500,000","$41,797,509",R
38,"Sep 15, 2017",mother!,"$30,000,000","$42,531,076",R
39,"Dec 22, 2017",Father Figures,"$25,000,000","$21,038,441",R
40,"Jul 28, 2017",Detroit,"$40,000,000","$26,033,563",R
41,"Jun 9, 2017",It Comes at Night,"$5,000,000","$19,720,203",R
42,"Apr 21, 2017",Unforgettable,"$12,000,000","$16,221,211",R
43,"Jun 23, 2017",The Beguiled,"$10,000,000","$28,039,038",R
44,"Mar 17, 2017",The Belko Experiment,"$5,000,000","$11,792,942",R
45,"Oct 27, 2017",Thank You for Your Service,"$20,000,000","$9,985,316",R
46,"Oct 20, 2017",The Snowman,"$35,000,000","$43,164,679",R
47,"Oct 6, 2017",The Florida Project,"$2,000,000","$11,295,324",R
48,"Sep 22, 2017",Stronger,"$30,000,000","$8,786,287",R
49,"Sep 22, 2017",Friend Request,"$9,900,000","$11,310,835",R
50,"Nov 3, 2017",LBJ,"$20,000,000","$2,507,181",R
51,"Sep 1, 2017",Tulip Fever,"$25,000,000","$6,792,768",R
52,"Mar 17, 2017",T2: Trainspotting,"$18,000,000","$42,137,612",R
53,"May 12, 2017",The Wall,"$3,000,000","$4,495,262",R
54,"Apr 21, 2017",Free Fire,"$10,000,000","$3,793,739",R
55,"Feb 3, 2017",The Comedian,"$15,000,000","$1,658,706",R
56,"Mar 10, 2017",Personal Shopper,"$6,400,000","$3,804,977",R
57,"Feb 24, 2017",Bitter Harvest,"$21,000,000","$606,162",R
58,"May 5, 2017",Berlin Syndrome,"$5,500,000","$788,191",R
59,"Aug 4, 2017",Message from the King,"$10,000,000","$391,845",R
60,"Feb 24, 2017",The Girl with all the Gifts,"$5,250,000","$4,801,837",R
61,"Jan 31, 2017",Two Lovers and a Bear,"$6,840,000","$22,273",R
62,"Nov 17, 2017",Mudbound,"$10,000,000","$53,559",R
63,"Oct 10, 2017",Demonic,"$3,000,000","$4,668,109",R
64,"Feb 17, 2017",In Dubious Battle,"$15,000,000","$214,182",R
0,"Oct 5, 2018",A Star is Born,"$36,000,000","$431,870,523",R
1,"Oct 19, 2018",Halloween,"$10,000,000","$255,397,089",R
2,"Sep 7, 2018",The Nun,"$22,000,000","$363,391,647",R
3,"Dec 14, 2018",The Mule,"$50,000,000","$173,453,994",R
4,"Feb 9, 2018",Fifty Shades Freed,"$55,000,000","$371,985,018",R
5,"Jul 4, 2018",The First Purge,"$13,000,000","$137,054,597",R
6,"Feb 23, 2018",Game Night,"$37,000,000","$117,378,084",R
7,"Apr 6, 2018",Blockers,"$21,000,000","$94,523,781",R
8,"Jun 15, 2018",Tag,"$28,000,000","$77,024,944",R
9,"Sep 14, 2018",A Simple Favor,"$20,000,000","$97,628,717",R
10,"Jun 29, 2018",Sicario: Day of the Soldado,"$35,000,000","$76,346,094",R
11,"Aug 10, 2018",BlacKkKlansman,"$15,000,000","$93,411,426",R
12,"Dec 25, 2018",Vice,"$60,000,000","$70,893,782",R
13,"Jan 19, 2018",12 Strong,"$35,000,000","$71,118,378",R
14,"Jan 19, 2018",Den of Thieves,"$30,000,000","$80,147,166",R
15,"Jun 8, 2018",Hereditary,"$10,000,000","$81,263,489",R
16,"Mar 30, 2018",Acrimony,"$20,000,000","$46,627,836",R
17,"Nov 16, 2018",Widows,"$40,000,000","$75,984,700",R
18,"Aug 17, 2018",Mile 22,"$35,000,000","$66,295,121",R
19,"Sep 7, 2018",Peppermint,"$25,000,000","$51,800,758",R
20,"Nov 23, 2018",The Favourite,"$15,000,000","$95,872,148",R
21,"Mar 2, 2018",Death Wish,"$30,000,000","$48,575,965",R
22,"Aug 3, 2018",The Spy Who Dumped Me,"$40,000,000","$77,303,614",R
23,"Feb 23, 2018",Annihilation,"$55,000,000","$43,070,915",R
24,"Nov 2, 2018",Nobodyâs Fool,"$19,000,000","$32,589,493",R
25,"Apr 20, 2018",Super Troopers 2,"$13,500,000","$31,575,635",R
26,"Mar 9, 2018",The Strangers: Prey at Night,"$5,000,000","$32,144,262",R
27,"Sep 14, 2018",White Boy Rick,"$30,000,000","$25,947,983",R
28,"Nov 9, 2018",Overlord,"$38,000,000","$39,178,189",R
29,"Jan 12, 2018",Proud Mary,"$30,000,000","$21,709,539",R
30,"Aug 24, 2018",The Happytime Murders,"$40,000,000","$27,506,412",R
31,"Jun 13, 2018",Superfly,"$16,000,000","$20,739,323",R
32,"Oct 12, 2018",Bad Times at the El Royale,"$32,000,000","$31,178,942",R
33,"Jul 6, 2018",Sorry to Bother You,"$3,200,000","$18,285,560",R
34,"Dec 7, 2018",Mary Queen of Scots,"$25,000,000","$47,020,146",R
35,"Oct 26, 2018",Hunter Killer,"$40,000,000","$29,312,121",R
36,"Dec 14, 2018",If Beale Street Could Talk,"$12,000,000","$21,398,371",R
37,"Nov 30, 2018",The Possession of Hannah Grace,"$6,000,000","$42,873,730",R
38,"Nov 9, 2018",The Girl in the Spiderâs Web,"$43,000,000","$34,983,342",R
39,"Jul 13, 2018",Eighth Grade,"$2,000,000","$14,348,020",R
40,"Jun 1, 2018",Upgrade,"$3,000,000","$16,976,561",R
41,"Sep 28, 2018",Hell Fest,"$5,500,000","$18,294,883",R
42,"Apr 20, 2018",Traffik,"$4,000,000","$9,561,231",R
43,"Oct 19, 2018",Can You Ever Forgive Me?,"$10,000,000","$12,517,379",R
44,"Oct 12, 2018",Beautiful Boy,"$25,000,000","$13,314,562",R
45,"Nov 2, 2018",Boy Erased,"$11,000,000","$11,862,650",R
46,"Jun 8, 2018",Hotel Artemis,"$15,000,000","$13,316,627",R
47,"Sep 21, 2018",Fahrenheit 11/9,"$5,000,000","$6,653,715",R
48,"Jun 1, 2018",Action Point,"$19,000,000","$5,103,675",R
49,"Jun 15, 2018",Gotti,"$10,000,000","$6,601,992",R
50,"Dec 7, 2018",Ben is Back,"$13,000,000","$12,616,995",R
51,"May 18, 2018",First Reformed,"$3,500,000","$3,988,612",R
52,"Sep 21, 2018",The Sisters Brothers,"$38,000,000","$14,636,067",R
53,"Mar 9, 2018",Thoroughbreds,"$5,000,000","$3,474,221",R
54,"Oct 26, 2018",Suspiria,"$20,000,000","$7,023,292",R
55,"Sep 21, 2018",Assassination Nation,"$7,000,000","$2,852,759",R
56,"Dec 14, 2018",CafarnaÃºm,"$4,000,000","$65,233,793",R
57,"Dec 25, 2018",Destroyer,"$9,000,000","$5,865,489",R
58,"Apr 6, 2018",Lean on Pete,"$8,000,000","$2,455,027",R
59,"Oct 10, 2018",The Happy Prince,"$13,000,000","$2,394,619",R
60,"Oct 26, 2018",London Fields,"$8,000,000","$433,732",R
61,"Apr 13, 2018",Borg vs McEnroe,"$7,500,000","$8,824,873",R
62,"Jun 29, 2018",Woman Walks Ahead,"$12,000,000","$627,538",R
63,"Apr 24, 2018",Backstabbing For Beginners,"$8,000,000","$343,773",R
64,"Oct 26, 2018",Air Strike,"$65,000,000","$516,279",R
65,"Oct 12, 2018",The Kindergarten Teacher,"$2,400,000","$552,188",R
66,"Nov 21, 2018",Roma,"$15,000,000","$1,109,544",R
67,"Dec 13, 2018",Bird Box,"$19,800,000",$0,R
